Train: epoch-0 (200/7410)	batch_time 0.18		data_time 0.11		loss 3.306	prec@1 7.19	
Train: epoch-0 (400/7410)	batch_time 0.07		data_time 0.01		loss 3.143	prec@1 10.78	
Train: epoch-0 (600/7410)	batch_time 0.07		data_time 0.01		loss 2.825	prec@1 18.25	
Train: epoch-0 (800/7410)	batch_time 0.07		data_time 0.01		loss 2.515	prec@1 24.72	
Train: epoch-0 (1000/7410)	batch_time 0.07		data_time 0.01		loss 2.211	prec@1 32.28	
Train: epoch-0 (1200/7410)	batch_time 0.07		data_time 0.01		loss 2.016	prec@1 37.78	
Train: epoch-0 (1400/7410)	batch_time 0.07		data_time 0.01		loss 1.929	prec@1 41.12	
Train: epoch-0 (1600/7410)	batch_time 0.07		data_time 0.01		loss 1.804	prec@1 44.09	
Train: epoch-0 (1800/7410)	batch_time 0.08		data_time 0.01		loss 1.700	prec@1 47.72	
Train: epoch-0 (2000/7410)	batch_time 0.07		data_time 0.01		loss 1.571	prec@1 51.28	
Train: epoch-0 (2200/7410)	batch_time 0.07		data_time 0.01		loss 1.515	prec@1 53.25	
Train: epoch-0 (2400/7410)	batch_time 0.07		data_time 0.01		loss 1.512	prec@1 54.31	
Train: epoch-0 (2600/7410)	batch_time 0.07		data_time 0.01		loss 1.471	prec@1 55.06	
Train: epoch-0 (2800/7410)	batch_time 0.07		data_time 0.01		loss 1.371	prec@1 58.78	
Train: epoch-0 (3000/7410)	batch_time 0.07		data_time 0.01		loss 1.302	prec@1 59.44	
Train: epoch-0 (3200/7410)	batch_time 0.07		data_time 0.01		loss 1.401	prec@1 58.00	
Train: epoch-0 (3400/7410)	batch_time 0.07		data_time 0.01		loss 1.278	prec@1 60.84	
Train: epoch-0 (3600/7410)	batch_time 0.08		data_time 0.01		loss 1.253	prec@1 62.16	
Train: epoch-0 (3800/7410)	batch_time 0.07		data_time 0.01		loss 1.226	prec@1 63.16	
Train: epoch-0 (4000/7410)	batch_time 0.08		data_time 0.01		loss 1.252	prec@1 61.44	
Train: epoch-0 (4200/7410)	batch_time 0.08		data_time 0.01		loss 1.226	prec@1 62.41	
Train: epoch-0 (4400/7410)	batch_time 0.08		data_time 0.01		loss 1.194	prec@1 63.88	
Train: epoch-0 (4600/7410)	batch_time 0.08		data_time 0.01		loss 1.154	prec@1 65.97	
Train: epoch-0 (4800/7410)	batch_time 0.08		data_time 0.01		loss 1.194	prec@1 62.72	
Train: epoch-0 (5000/7410)	batch_time 0.08		data_time 0.01		loss 1.193	prec@1 64.06	
Train: epoch-0 (5200/7410)	batch_time 0.08		data_time 0.01		loss 1.093	prec@1 66.00	
Train: epoch-0 (5400/7410)	batch_time 0.08		data_time 0.01		loss 1.142	prec@1 65.41	
Train: epoch-0 (5600/7410)	batch_time 0.07		data_time 0.01		loss 1.084	prec@1 66.94	
Train: epoch-0 (5800/7410)	batch_time 0.08		data_time 0.01		loss 1.107	prec@1 66.69	
Train: epoch-0 (6000/7410)	batch_time 0.07		data_time 0.01		loss 1.041	prec@1 68.47	
Train: epoch-0 (6200/7410)	batch_time 0.07		data_time 0.01		loss 1.168	prec@1 64.62	
Train: epoch-0 (6400/7410)	batch_time 0.07		data_time 0.01		loss 1.052	prec@1 67.81	
Train: epoch-0 (6600/7410)	batch_time 0.07		data_time 0.01		loss 1.051	prec@1 67.62	
Train: epoch-0 (6800/7410)	batch_time 0.08		data_time 0.01		loss 1.083	prec@1 67.69	
Train: epoch-0 (7000/7410)	batch_time 0.08		data_time 0.01		loss 1.042	prec@1 68.75	
Train: epoch-0 (7200/7410)	batch_time 0.07		data_time 0.01		loss 1.061	prec@1 67.75	
Train: epoch-0 (7400/7410)	batch_time 0.08		data_time 0.01		loss 1.045	prec@1 68.16	
Validate: Prec@1 81.24  Loss 0.593
Best Prec@1: 81.24

Train: epoch-1 (200/7410)	batch_time 0.18		data_time 0.11		loss 1.014	prec@1 69.62	
Train: epoch-1 (400/7410)	batch_time 0.07		data_time 0.01		loss 1.000	prec@1 70.22	
Train: epoch-1 (600/7410)	batch_time 0.07		data_time 0.01		loss 1.012	prec@1 69.81	
Train: epoch-1 (800/7410)	batch_time 0.07		data_time 0.01		loss 1.033	prec@1 68.97	
Train: epoch-1 (1000/7410)	batch_time 0.07		data_time 0.01		loss 1.023	prec@1 68.94	
Train: epoch-1 (1200/7410)	batch_time 0.07		data_time 0.01		loss 0.985	prec@1 70.59	
Train: epoch-1 (1400/7410)	batch_time 0.07		data_time 0.01		loss 1.015	prec@1 70.22	
Train: epoch-1 (1600/7410)	batch_time 0.07		data_time 0.01		loss 0.958	prec@1 70.97	
Train: epoch-1 (1800/7410)	batch_time 0.07		data_time 0.01		loss 0.997	prec@1 70.16	
Train: epoch-1 (2000/7410)	batch_time 0.07		data_time 0.01		loss 0.988	prec@1 70.66	
Train: epoch-1 (2200/7410)	batch_time 0.07		data_time 0.01		loss 0.968	prec@1 70.09	
Train: epoch-1 (2400/7410)	batch_time 0.07		data_time 0.01		loss 1.005	prec@1 69.50	
Train: epoch-1 (2600/7410)	batch_time 0.07		data_time 0.01		loss 0.952	prec@1 71.00	
Train: epoch-1 (2800/7410)	batch_time 0.07		data_time 0.01		loss 0.955	prec@1 71.94	
Train: epoch-1 (3000/7410)	batch_time 0.07		data_time 0.01		loss 0.952	prec@1 71.78	
Train: epoch-1 (3200/7410)	batch_time 0.07		data_time 0.01		loss 0.940	prec@1 72.31	
Train: epoch-1 (3400/7410)	batch_time 0.07		data_time 0.01		loss 0.993	prec@1 70.44	
Train: epoch-1 (3600/7410)	batch_time 0.07		data_time 0.01		loss 0.949	prec@1 70.62	
Train: epoch-1 (3800/7410)	batch_time 0.07		data_time 0.01		loss 0.938	prec@1 71.16	
Train: epoch-1 (4000/7410)	batch_time 0.07		data_time 0.01		loss 0.890	prec@1 73.56	
Train: epoch-1 (4200/7410)	batch_time 0.07		data_time 0.01		loss 0.902	prec@1 72.84	
Train: epoch-1 (4400/7410)	batch_time 0.08		data_time 0.01		loss 0.948	prec@1 70.94	
Train: epoch-1 (4600/7410)	batch_time 0.07		data_time 0.01		loss 0.917	prec@1 71.91	
Train: epoch-1 (4800/7410)	batch_time 0.08		data_time 0.01		loss 0.973	prec@1 71.69	
Train: epoch-1 (5000/7410)	batch_time 0.07		data_time 0.01		loss 0.898	prec@1 73.12	
Train: epoch-1 (5200/7410)	batch_time 0.08		data_time 0.01		loss 0.928	prec@1 72.03	
Train: epoch-1 (5400/7410)	batch_time 0.07		data_time 0.01		loss 0.866	prec@1 73.25	
Train: epoch-1 (5600/7410)	batch_time 0.08		data_time 0.01		loss 0.930	prec@1 72.28	
Train: epoch-1 (5800/7410)	batch_time 0.07		data_time 0.01		loss 0.894	prec@1 72.75	
Train: epoch-1 (6000/7410)	batch_time 0.08		data_time 0.01		loss 0.896	prec@1 72.53	
Train: epoch-1 (6200/7410)	batch_time 0.07		data_time 0.01		loss 0.930	prec@1 71.81	
Train: epoch-1 (6400/7410)	batch_time 0.08		data_time 0.01		loss 0.915	prec@1 72.12	
Train: epoch-1 (6600/7410)	batch_time 0.08		data_time 0.01		loss 0.905	prec@1 73.25	
Train: epoch-1 (6800/7410)	batch_time 0.08		data_time 0.01		loss 0.931	prec@1 72.69	
Train: epoch-1 (7000/7410)	batch_time 0.08		data_time 0.01		loss 0.901	prec@1 72.88	
Train: epoch-1 (7200/7410)	batch_time 0.08		data_time 0.01		loss 0.877	prec@1 74.22	
Train: epoch-1 (7400/7410)	batch_time 0.08		data_time 0.01		loss 0.856	prec@1 73.69	
Validate: Prec@1 86.08  Loss 0.448
Best Prec@1: 86.08

Train: epoch-2 (200/7410)	batch_time 0.17		data_time 0.11		loss 0.886	prec@1 73.62	
Train: epoch-2 (400/7410)	batch_time 0.07		data_time 0.01		loss 0.920	prec@1 71.97	
Train: epoch-2 (600/7410)	batch_time 0.07		data_time 0.01		loss 0.904	prec@1 73.03	
Train: epoch-2 (800/7410)	batch_time 0.07		data_time 0.01		loss 0.857	prec@1 74.00	
Train: epoch-2 (1000/7410)	batch_time 0.07		data_time 0.01		loss 0.901	prec@1 73.56	
Train: epoch-2 (1200/7410)	batch_time 0.07		data_time 0.01		loss 0.878	prec@1 73.62	
Train: epoch-2 (1400/7410)	batch_time 0.07		data_time 0.01		loss 0.879	prec@1 73.84	
Train: epoch-2 (1600/7410)	batch_time 0.07		data_time 0.01		loss 0.847	prec@1 74.12	
Train: epoch-2 (1800/7410)	batch_time 0.07		data_time 0.01		loss 0.797	prec@1 76.16	
Train: epoch-2 (2000/7410)	batch_time 0.07		data_time 0.01		loss 0.822	prec@1 75.56	
Train: epoch-2 (2200/7410)	batch_time 0.07		data_time 0.01		loss 0.860	prec@1 74.69	
Train: epoch-2 (2400/7410)	batch_time 0.07		data_time 0.01		loss 0.849	prec@1 74.22	
Train: epoch-2 (2600/7410)	batch_time 0.07		data_time 0.01		loss 0.872	prec@1 74.50	
Train: epoch-2 (2800/7410)	batch_time 0.08		data_time 0.01		loss 0.826	prec@1 75.53	
Train: epoch-2 (3000/7410)	batch_time 0.07		data_time 0.01		loss 0.841	prec@1 74.31	
Train: epoch-2 (3200/7410)	batch_time 0.07		data_time 0.01		loss 0.841	prec@1 75.09	
Train: epoch-2 (3400/7410)	batch_time 0.08		data_time 0.01		loss 0.820	prec@1 75.06	
Train: epoch-2 (3600/7410)	batch_time 0.08		data_time 0.01		loss 0.904	prec@1 72.38	
Train: epoch-2 (3800/7410)	batch_time 0.08		data_time 0.01		loss 0.857	prec@1 73.97	
Train: epoch-2 (4000/7410)	batch_time 0.08		data_time 0.01		loss 0.818	prec@1 75.78	
Train: epoch-2 (4200/7410)	batch_time 0.07		data_time 0.01		loss 0.801	prec@1 75.78	
Train: epoch-2 (4400/7410)	batch_time 0.07		data_time 0.01		loss 0.847	prec@1 74.22	
Train: epoch-2 (4600/7410)	batch_time 0.08		data_time 0.01		loss 0.831	prec@1 75.31	
Train: epoch-2 (4800/7410)	batch_time 0.07		data_time 0.01		loss 0.841	prec@1 74.84	
Train: epoch-2 (5000/7410)	batch_time 0.07		data_time 0.01		loss 0.842	prec@1 74.62	
Train: epoch-2 (5200/7410)	batch_time 0.07		data_time 0.01		loss 0.814	prec@1 75.81	
Train: epoch-2 (5400/7410)	batch_time 0.08		data_time 0.01		loss 0.815	prec@1 75.03	
Train: epoch-2 (5600/7410)	batch_time 0.08		data_time 0.01		loss 0.807	prec@1 75.47	
Train: epoch-2 (5800/7410)	batch_time 0.08		data_time 0.01		loss 0.817	prec@1 74.97	
Train: epoch-2 (6000/7410)	batch_time 0.08		data_time 0.01		loss 0.833	prec@1 75.34	
Train: epoch-2 (6200/7410)	batch_time 0.07		data_time 0.01		loss 0.798	prec@1 76.38	
Train: epoch-2 (6400/7410)	batch_time 0.08		data_time 0.01		loss 0.860	prec@1 74.56	
Train: epoch-2 (6600/7410)	batch_time 0.08		data_time 0.01		loss 0.814	prec@1 74.78	
Train: epoch-2 (6800/7410)	batch_time 0.08		data_time 0.01		loss 0.820	prec@1 75.50	
Train: epoch-2 (7000/7410)	batch_time 0.08		data_time 0.01		loss 0.826	prec@1 74.78	
Train: epoch-2 (7200/7410)	batch_time 0.07		data_time 0.01		loss 0.840	prec@1 74.16	
Train: epoch-2 (7400/7410)	batch_time 0.08		data_time 0.01		loss 0.805	prec@1 75.31	
Validate: Prec@1 87.95  Loss 0.391
Best Prec@1: 87.95

Train: epoch-3 (200/7410)	batch_time 0.18		data_time 0.12		loss 0.799	prec@1 76.19	
Train: epoch-3 (400/7410)	batch_time 0.07		data_time 0.01		loss 0.822	prec@1 74.81	
Train: epoch-3 (600/7410)	batch_time 0.07		data_time 0.01		loss 0.844	prec@1 75.03	
Train: epoch-3 (800/7410)	batch_time 0.08		data_time 0.01		loss 0.817	prec@1 75.06	
Train: epoch-3 (1000/7410)	batch_time 0.08		data_time 0.01		loss 0.846	prec@1 74.28	
Train: epoch-3 (1200/7410)	batch_time 0.07		data_time 0.01		loss 0.827	prec@1 75.31	
Train: epoch-3 (1400/7410)	batch_time 0.07		data_time 0.01		loss 0.811	prec@1 75.78	
Train: epoch-3 (1600/7410)	batch_time 0.08		data_time 0.01		loss 0.807	prec@1 75.88	
Train: epoch-3 (1800/7410)	batch_time 0.08		data_time 0.01		loss 0.786	prec@1 76.44	
Train: epoch-3 (2000/7410)	batch_time 0.08		data_time 0.01		loss 0.776	prec@1 76.81	
Train: epoch-3 (2200/7410)	batch_time 0.08		data_time 0.01		loss 0.789	prec@1 75.59	
Train: epoch-3 (2400/7410)	batch_time 0.08		data_time 0.01		loss 0.790	prec@1 76.38	
Train: epoch-3 (2600/7410)	batch_time 0.08		data_time 0.01		loss 0.825	prec@1 75.28	
Train: epoch-3 (2800/7410)	batch_time 0.08		data_time 0.01		loss 0.809	prec@1 75.25	
Train: epoch-3 (3000/7410)	batch_time 0.08		data_time 0.01		loss 0.819	prec@1 75.09	
Train: epoch-3 (3200/7410)	batch_time 0.08		data_time 0.01		loss 0.769	prec@1 76.22	
Train: epoch-3 (3400/7410)	batch_time 0.08		data_time 0.01		loss 0.816	prec@1 76.06	
Train: epoch-3 (3600/7410)	batch_time 0.08		data_time 0.01		loss 0.802	prec@1 75.62	
Train: epoch-3 (3800/7410)	batch_time 0.08		data_time 0.01		loss 0.795	prec@1 76.56	
Train: epoch-3 (4000/7410)	batch_time 0.08		data_time 0.01		loss 0.790	prec@1 76.97	
Train: epoch-3 (4200/7410)	batch_time 0.08		data_time 0.01		loss 0.769	prec@1 76.53	
Train: epoch-3 (4400/7410)	batch_time 0.08		data_time 0.01		loss 0.801	prec@1 75.66	
Train: epoch-3 (4600/7410)	batch_time 0.08		data_time 0.01		loss 0.754	prec@1 77.31	
Train: epoch-3 (4800/7410)	batch_time 0.08		data_time 0.01		loss 0.764	prec@1 76.09	
Train: epoch-3 (5000/7410)	batch_time 0.08		data_time 0.01		loss 0.774	prec@1 76.56	
Train: epoch-3 (5200/7410)	batch_time 0.08		data_time 0.01		loss 0.753	prec@1 77.19	
Train: epoch-3 (5400/7410)	batch_time 0.08		data_time 0.01		loss 0.756	prec@1 77.78	
Train: epoch-3 (5600/7410)	batch_time 0.08		data_time 0.01		loss 0.776	prec@1 75.66	
Train: epoch-3 (5800/7410)	batch_time 0.08		data_time 0.01		loss 0.761	prec@1 77.09	
Train: epoch-3 (6000/7410)	batch_time 0.08		data_time 0.01		loss 0.792	prec@1 76.31	
Train: epoch-3 (6200/7410)	batch_time 0.07		data_time 0.01		loss 0.802	prec@1 75.44	
Train: epoch-3 (6400/7410)	batch_time 0.08		data_time 0.01		loss 0.763	prec@1 77.84	
Train: epoch-3 (6600/7410)	batch_time 0.08		data_time 0.01		loss 0.771	prec@1 76.66	
Train: epoch-3 (6800/7410)	batch_time 0.08		data_time 0.01		loss 0.737	prec@1 77.44	
Train: epoch-3 (7000/7410)	batch_time 0.08		data_time 0.01		loss 0.723	prec@1 78.47	
Train: epoch-3 (7200/7410)	batch_time 0.08		data_time 0.01		loss 0.780	prec@1 76.88	
Train: epoch-3 (7400/7410)	batch_time 0.08		data_time 0.01		loss 0.797	prec@1 75.56	
Validate: Prec@1 90.11  Loss 0.326
Best Prec@1: 90.11

Train: epoch-4 (200/7410)	batch_time 0.18		data_time 0.12		loss 0.781	prec@1 76.09	
Train: epoch-4 (400/7410)	batch_time 0.07		data_time 0.01		loss 0.740	prec@1 77.22	
Train: epoch-4 (600/7410)	batch_time 0.08		data_time 0.01		loss 0.750	prec@1 77.00	
Train: epoch-4 (800/7410)	batch_time 0.08		data_time 0.01		loss 0.737	prec@1 78.03	
Train: epoch-4 (1000/7410)	batch_time 0.08		data_time 0.01		loss 0.710	prec@1 78.44	
Train: epoch-4 (1200/7410)	batch_time 0.08		data_time 0.01		loss 0.770	prec@1 76.91	
Train: epoch-4 (1400/7410)	batch_time 0.08		data_time 0.01		loss 0.751	prec@1 77.09	
Train: epoch-4 (1600/7410)	batch_time 0.08		data_time 0.01		loss 0.756	prec@1 77.69	
Train: epoch-4 (1800/7410)	batch_time 0.08		data_time 0.01		loss 0.797	prec@1 76.44	
Train: epoch-4 (2000/7410)	batch_time 0.08		data_time 0.01		loss 0.775	prec@1 76.91	
Train: epoch-4 (2200/7410)	batch_time 0.08		data_time 0.01		loss 0.765	prec@1 77.38	
Train: epoch-4 (2400/7410)	batch_time 0.08		data_time 0.01		loss 0.742	prec@1 77.50	
Train: epoch-4 (2600/7410)	batch_time 0.08		data_time 0.01		loss 0.740	prec@1 77.16	
Train: epoch-4 (2800/7410)	batch_time 0.08		data_time 0.01		loss 0.740	prec@1 78.41	
Train: epoch-4 (3000/7410)	batch_time 0.08		data_time 0.01		loss 0.710	prec@1 79.25	
Train: epoch-4 (3200/7410)	batch_time 0.08		data_time 0.01		loss 0.768	prec@1 76.28	
Train: epoch-4 (3400/7410)	batch_time 0.08		data_time 0.01		loss 0.772	prec@1 76.22	
Train: epoch-4 (3600/7410)	batch_time 0.08		data_time 0.01		loss 0.792	prec@1 75.97	
Train: epoch-4 (3800/7410)	batch_time 0.08		data_time 0.01		loss 0.741	prec@1 77.47	
Train: epoch-4 (4000/7410)	batch_time 0.08		data_time 0.01		loss 0.760	prec@1 77.94	
Train: epoch-4 (4200/7410)	batch_time 0.08		data_time 0.01		loss 0.769	prec@1 76.16	
Train: epoch-4 (4400/7410)	batch_time 0.08		data_time 0.01		loss 0.750	prec@1 77.53	
Train: epoch-4 (4600/7410)	batch_time 0.08		data_time 0.01		loss 0.771	prec@1 75.44	
Train: epoch-4 (4800/7410)	batch_time 0.08		data_time 0.01		loss 0.763	prec@1 76.69	
Train: epoch-4 (5000/7410)	batch_time 0.08		data_time 0.01		loss 0.763	prec@1 76.47	
Train: epoch-4 (5200/7410)	batch_time 0.08		data_time 0.01		loss 0.739	prec@1 77.62	
Train: epoch-4 (5400/7410)	batch_time 0.08		data_time 0.01		loss 0.737	prec@1 77.72	
Train: epoch-4 (5600/7410)	batch_time 0.07		data_time 0.01		loss 0.725	prec@1 77.59	
Train: epoch-4 (5800/7410)	batch_time 0.08		data_time 0.01		loss 0.755	prec@1 77.12	
Train: epoch-4 (6000/7410)	batch_time 0.08		data_time 0.01		loss 0.728	prec@1 77.78	
Train: epoch-4 (6200/7410)	batch_time 0.08		data_time 0.01		loss 0.738	prec@1 78.16	
Train: epoch-4 (6400/7410)	batch_time 0.07		data_time 0.01		loss 0.717	prec@1 77.44	
Train: epoch-4 (6600/7410)	batch_time 0.07		data_time 0.01		loss 0.765	prec@1 77.28	
Train: epoch-4 (6800/7410)	batch_time 0.08		data_time 0.01		loss 0.759	prec@1 77.78	
Train: epoch-4 (7000/7410)	batch_time 0.08		data_time 0.01		loss 0.707	prec@1 78.59	
Train: epoch-4 (7200/7410)	batch_time 0.08		data_time 0.01		loss 0.746	prec@1 76.91	
Train: epoch-4 (7400/7410)	batch_time 0.08		data_time 0.01		loss 0.797	prec@1 76.41	
Validate: Prec@1 90.05  Loss 0.328
Best Prec@1: 90.11

Train: epoch-5 (200/7410)	batch_time 0.18		data_time 0.12		loss 0.751	prec@1 77.31	
Train: epoch-5 (400/7410)	batch_time 0.07		data_time 0.01		loss 0.716	prec@1 79.00	
Train: epoch-5 (600/7410)	batch_time 0.07		data_time 0.01		loss 0.727	prec@1 77.69	
Train: epoch-5 (800/7410)	batch_time 0.08		data_time 0.01		loss 0.742	prec@1 78.59	
Train: epoch-5 (1000/7410)	batch_time 0.08		data_time 0.01		loss 0.748	prec@1 76.38	
Train: epoch-5 (1200/7410)	batch_time 0.07		data_time 0.01		loss 0.725	prec@1 78.19	
Train: epoch-5 (1400/7410)	batch_time 0.07		data_time 0.01		loss 0.708	prec@1 78.91	
Train: epoch-5 (1600/7410)	batch_time 0.08		data_time 0.01		loss 0.691	prec@1 79.41	
Train: epoch-5 (1800/7410)	batch_time 0.08		data_time 0.01		loss 0.789	prec@1 76.66	
Train: epoch-5 (2000/7410)	batch_time 0.08		data_time 0.01		loss 0.711	prec@1 78.66	
Train: epoch-5 (2200/7410)	batch_time 0.07		data_time 0.01		loss 0.697	prec@1 79.09	
Train: epoch-5 (2400/7410)	batch_time 0.08		data_time 0.01		loss 0.729	prec@1 78.16	
Train: epoch-5 (2600/7410)	batch_time 0.08		data_time 0.01		loss 0.712	prec@1 78.72	
Train: epoch-5 (2800/7410)	batch_time 0.08		data_time 0.01		loss 0.703	prec@1 78.94	
Train: epoch-5 (3000/7410)	batch_time 0.07		data_time 0.01		loss 0.726	prec@1 78.28	
Train: epoch-5 (3200/7410)	batch_time 0.07		data_time 0.01		loss 0.714	prec@1 78.53	
Train: epoch-5 (3400/7410)	batch_time 0.07		data_time 0.01		loss 0.748	prec@1 77.25	
Train: epoch-5 (3600/7410)	batch_time 0.08		data_time 0.01		loss 0.732	prec@1 77.50	
Train: epoch-5 (3800/7410)	batch_time 0.07		data_time 0.01		loss 0.691	prec@1 79.22	
Train: epoch-5 (4000/7410)	batch_time 0.08		data_time 0.01		loss 0.726	prec@1 77.97	
Train: epoch-5 (4200/7410)	batch_time 0.07		data_time 0.01		loss 0.741	prec@1 77.91	
Train: epoch-5 (4400/7410)	batch_time 0.07		data_time 0.01		loss 0.705	prec@1 78.50	
Train: epoch-5 (4600/7410)	batch_time 0.07		data_time 0.01		loss 0.695	prec@1 78.53	
Train: epoch-5 (4800/7410)	batch_time 0.07		data_time 0.01		loss 0.709	prec@1 78.44	
Train: epoch-5 (5000/7410)	batch_time 0.07		data_time 0.01		loss 0.706	prec@1 78.69	
Train: epoch-5 (5200/7410)	batch_time 0.07		data_time 0.01		loss 0.700	prec@1 78.31	
Train: epoch-5 (5400/7410)	batch_time 0.07		data_time 0.01		loss 0.733	prec@1 77.66	
Train: epoch-5 (5600/7410)	batch_time 0.07		data_time 0.01		loss 0.705	prec@1 78.84	
Train: epoch-5 (5800/7410)	batch_time 0.08		data_time 0.01		loss 0.726	prec@1 78.41	
Train: epoch-5 (6000/7410)	batch_time 0.08		data_time 0.01		loss 0.717	prec@1 78.44	
Train: epoch-5 (6200/7410)	batch_time 0.08		data_time 0.01		loss 0.706	prec@1 78.50	
Train: epoch-5 (6400/7410)	batch_time 0.08		data_time 0.01		loss 0.741	prec@1 77.41	
Train: epoch-5 (6600/7410)	batch_time 0.08		data_time 0.01		loss 0.718	prec@1 77.91	
Train: epoch-5 (6800/7410)	batch_time 0.08		data_time 0.01		loss 0.700	prec@1 78.66	
Train: epoch-5 (7000/7410)	batch_time 0.07		data_time 0.01		loss 0.744	prec@1 76.88	
Train: epoch-5 (7200/7410)	batch_time 0.08		data_time 0.01		loss 0.692	prec@1 79.19	
Train: epoch-5 (7400/7410)	batch_time 0.07		data_time 0.01		loss 0.724	prec@1 78.00	
Validate: Prec@1 90.38  Loss 0.318
Best Prec@1: 90.38

Train: epoch-6 (200/7410)	batch_time 0.19		data_time 0.12		loss 0.709	prec@1 79.00	
Train: epoch-6 (400/7410)	batch_time 0.07		data_time 0.01		loss 0.766	prec@1 77.22	
Train: epoch-6 (600/7410)	batch_time 0.08		data_time 0.01		loss 0.714	prec@1 78.47	
Train: epoch-6 (800/7410)	batch_time 0.08		data_time 0.01		loss 0.732	prec@1 77.75	
Train: epoch-6 (1000/7410)	batch_time 0.07		data_time 0.01		loss 0.681	prec@1 80.28	
Train: epoch-6 (1200/7410)	batch_time 0.07		data_time 0.01		loss 0.672	prec@1 79.72	
Train: epoch-6 (1400/7410)	batch_time 0.07		data_time 0.01		loss 0.671	prec@1 79.72	
Train: epoch-6 (1600/7410)	batch_time 0.07		data_time 0.01		loss 0.735	prec@1 77.19	
Train: epoch-6 (1800/7410)	batch_time 0.08		data_time 0.01		loss 0.714	prec@1 79.00	
Train: epoch-6 (2000/7410)	batch_time 0.07		data_time 0.01		loss 0.711	prec@1 78.56	
Train: epoch-6 (2200/7410)	batch_time 0.08		data_time 0.01		loss 0.695	prec@1 78.94	
Train: epoch-6 (2400/7410)	batch_time 0.08		data_time 0.01		loss 0.664	prec@1 80.03	
Train: epoch-6 (2600/7410)	batch_time 0.08		data_time 0.01		loss 0.662	prec@1 80.22	
Train: epoch-6 (2800/7410)	batch_time 0.08		data_time 0.01		loss 0.684	prec@1 80.03	
Train: epoch-6 (3000/7410)	batch_time 0.07		data_time 0.01		loss 0.712	prec@1 77.88	
Train: epoch-6 (3200/7410)	batch_time 0.08		data_time 0.01		loss 0.696	prec@1 78.78	
Train: epoch-6 (3400/7410)	batch_time 0.08		data_time 0.01		loss 0.700	prec@1 79.00	
Train: epoch-6 (3600/7410)	batch_time 0.08		data_time 0.01		loss 0.690	prec@1 79.00	
Train: epoch-6 (3800/7410)	batch_time 0.07		data_time 0.01		loss 0.748	prec@1 78.03	
Train: epoch-6 (4000/7410)	batch_time 0.07		data_time 0.01		loss 0.701	prec@1 78.47	
Train: epoch-6 (4200/7410)	batch_time 0.08		data_time 0.01		loss 0.709	prec@1 78.69	
Train: epoch-6 (4400/7410)	batch_time 0.07		data_time 0.01		loss 0.714	prec@1 78.72	
Train: epoch-6 (4600/7410)	batch_time 0.08		data_time 0.01		loss 0.661	prec@1 79.88	
Train: epoch-6 (4800/7410)	batch_time 0.08		data_time 0.01		loss 0.703	prec@1 78.25	
Train: epoch-6 (5000/7410)	batch_time 0.08		data_time 0.01		loss 0.681	prec@1 79.44	
Train: epoch-6 (5200/7410)	batch_time 0.08		data_time 0.01		loss 0.742	prec@1 77.41	
Train: epoch-6 (5400/7410)	batch_time 0.08		data_time 0.01		loss 0.683	prec@1 79.44	
Train: epoch-6 (5600/7410)	batch_time 0.08		data_time 0.01		loss 0.727	prec@1 78.22	
Train: epoch-6 (5800/7410)	batch_time 0.07		data_time 0.01		loss 0.654	prec@1 80.25	
Train: epoch-6 (6000/7410)	batch_time 0.08		data_time 0.01		loss 0.691	prec@1 78.66	
Train: epoch-6 (6200/7410)	batch_time 0.08		data_time 0.01		loss 0.687	prec@1 79.22	
Train: epoch-6 (6400/7410)	batch_time 0.07		data_time 0.01		loss 0.687	prec@1 79.91	
Train: epoch-6 (6600/7410)	batch_time 0.07		data_time 0.01		loss 0.716	prec@1 78.91	
Train: epoch-6 (6800/7410)	batch_time 0.07		data_time 0.01		loss 0.637	prec@1 80.56	
Train: epoch-6 (7000/7410)	batch_time 0.07		data_time 0.01		loss 0.659	prec@1 79.62	
Train: epoch-6 (7200/7410)	batch_time 0.07		data_time 0.01		loss 0.688	prec@1 79.28	
Train: epoch-6 (7400/7410)	batch_time 0.08		data_time 0.01		loss 0.717	prec@1 78.41	
Validate: Prec@1 91.61  Loss 0.278
Best Prec@1: 91.61

Train: epoch-7 (200/7410)	batch_time 0.20		data_time 0.14		loss 0.684	prec@1 79.91	
Train: epoch-7 (400/7410)	batch_time 0.07		data_time 0.01		loss 0.696	prec@1 79.56	
Train: epoch-7 (600/7410)	batch_time 0.07		data_time 0.01		loss 0.679	prec@1 79.06	
Train: epoch-7 (800/7410)	batch_time 0.07		data_time 0.01		loss 0.729	prec@1 78.22	
Train: epoch-7 (1000/7410)	batch_time 0.08		data_time 0.01		loss 0.692	prec@1 78.81	
Train: epoch-7 (1200/7410)	batch_time 0.08		data_time 0.01		loss 0.678	prec@1 79.25	
Train: epoch-7 (1400/7410)	batch_time 0.08		data_time 0.01		loss 0.692	prec@1 78.84	
Train: epoch-7 (1600/7410)	batch_time 0.08		data_time 0.01		loss 0.699	prec@1 78.31	
Train: epoch-7 (1800/7410)	batch_time 0.08		data_time 0.01		loss 0.670	prec@1 80.09	
Train: epoch-7 (2000/7410)	batch_time 0.07		data_time 0.01		loss 0.651	prec@1 80.25	
Train: epoch-7 (2200/7410)	batch_time 0.07		data_time 0.01		loss 0.702	prec@1 78.94	
Train: epoch-7 (2400/7410)	batch_time 0.08		data_time 0.01		loss 0.681	prec@1 79.06	
Train: epoch-7 (2600/7410)	batch_time 0.07		data_time 0.01		loss 0.696	prec@1 79.62	
Train: epoch-7 (2800/7410)	batch_time 0.07		data_time 0.01		loss 0.676	prec@1 79.72	
Train: epoch-7 (3000/7410)	batch_time 0.08		data_time 0.01		loss 0.667	prec@1 80.03	
Train: epoch-7 (3200/7410)	batch_time 0.07		data_time 0.01		loss 0.717	prec@1 77.94	
Train: epoch-7 (3400/7410)	batch_time 0.07		data_time 0.01		loss 0.683	prec@1 79.19	
Train: epoch-7 (3600/7410)	batch_time 0.07		data_time 0.01		loss 0.686	prec@1 79.19	
Train: epoch-7 (3800/7410)	batch_time 0.08		data_time 0.01		loss 0.713	prec@1 78.19	
Train: epoch-7 (4000/7410)	batch_time 0.07		data_time 0.01		loss 0.718	prec@1 78.12	
Train: epoch-7 (4200/7410)	batch_time 0.07		data_time 0.01		loss 0.688	prec@1 79.59	
Train: epoch-7 (4400/7410)	batch_time 0.07		data_time 0.01		loss 0.649	prec@1 80.25	
Train: epoch-7 (4600/7410)	batch_time 0.07		data_time 0.01		loss 0.675	prec@1 79.66	
Train: epoch-7 (4800/7410)	batch_time 0.07		data_time 0.01		loss 0.678	prec@1 79.28	
Train: epoch-7 (5000/7410)	batch_time 0.07		data_time 0.01		loss 0.735	prec@1 77.66	
Train: epoch-7 (5200/7410)	batch_time 0.08		data_time 0.01		loss 0.648	prec@1 80.50	
Train: epoch-7 (5400/7410)	batch_time 0.08		data_time 0.01		loss 0.677	prec@1 80.03	
Train: epoch-7 (5600/7410)	batch_time 0.08		data_time 0.01		loss 0.721	prec@1 78.91	
Train: epoch-7 (5800/7410)	batch_time 0.08		data_time 0.01		loss 0.679	prec@1 79.50	
Train: epoch-7 (6000/7410)	batch_time 0.08		data_time 0.01		loss 0.699	prec@1 78.25	
Train: epoch-7 (6200/7410)	batch_time 0.07		data_time 0.01		loss 0.756	prec@1 77.59	
Train: epoch-7 (6400/7410)	batch_time 0.07		data_time 0.01		loss 0.687	prec@1 79.00	
Train: epoch-7 (6600/7410)	batch_time 0.08		data_time 0.01		loss 0.697	prec@1 78.78	
Train: epoch-7 (6800/7410)	batch_time 0.07		data_time 0.01		loss 0.678	prec@1 79.00	
Train: epoch-7 (7000/7410)	batch_time 0.07		data_time 0.01		loss 0.671	prec@1 79.59	
Train: epoch-7 (7200/7410)	batch_time 0.08		data_time 0.01		loss 0.671	prec@1 79.66	
Train: epoch-7 (7400/7410)	batch_time 0.08		data_time 0.01		loss 0.717	prec@1 78.06	
Validate: Prec@1 91.18  Loss 0.293
Best Prec@1: 91.61

Train: epoch-8 (200/7410)	batch_time 0.18		data_time 0.11		loss 0.702	prec@1 79.22	
Train: epoch-8 (400/7410)	batch_time 0.07		data_time 0.01		loss 0.638	prec@1 80.47	
Train: epoch-8 (600/7410)	batch_time 0.07		data_time 0.01		loss 0.664	prec@1 79.47	
Train: epoch-8 (800/7410)	batch_time 0.07		data_time 0.01		loss 0.627	prec@1 80.66	
Train: epoch-8 (1000/7410)	batch_time 0.08		data_time 0.01		loss 0.680	prec@1 79.47	
Train: epoch-8 (1200/7410)	batch_time 0.08		data_time 0.01		loss 0.676	prec@1 79.12	
Train: epoch-8 (1400/7410)	batch_time 0.08		data_time 0.01		loss 0.687	prec@1 78.75	
Train: epoch-8 (1600/7410)	batch_time 0.08		data_time 0.01		loss 0.630	prec@1 80.56	
Train: epoch-8 (1800/7410)	batch_time 0.08		data_time 0.01		loss 0.685	prec@1 79.50	
Train: epoch-8 (2000/7410)	batch_time 0.08		data_time 0.01		loss 0.657	prec@1 80.03	
Train: epoch-8 (2200/7410)	batch_time 0.08		data_time 0.01		loss 0.676	prec@1 80.06	
Train: epoch-8 (2400/7410)	batch_time 0.08		data_time 0.01		loss 0.657	prec@1 79.53	
Train: epoch-8 (2600/7410)	batch_time 0.08		data_time 0.01		loss 0.634	prec@1 80.66	
Train: epoch-8 (2800/7410)	batch_time 0.08		data_time 0.01		loss 0.648	prec@1 80.31	
Train: epoch-8 (3000/7410)	batch_time 0.08		data_time 0.01		loss 0.638	prec@1 80.81	
Train: epoch-8 (3200/7410)	batch_time 0.08		data_time 0.01		loss 0.661	prec@1 80.19	
Train: epoch-8 (3400/7410)	batch_time 0.08		data_time 0.01		loss 0.691	prec@1 79.31	
Train: epoch-8 (3600/7410)	batch_time 0.07		data_time 0.01		loss 0.694	prec@1 79.69	
Train: epoch-8 (3800/7410)	batch_time 0.07		data_time 0.01		loss 0.700	prec@1 79.00	
Train: epoch-8 (4000/7410)	batch_time 0.07		data_time 0.01		loss 0.635	prec@1 80.97	
Train: epoch-8 (4200/7410)	batch_time 0.07		data_time 0.01		loss 0.694	prec@1 78.53	
Train: epoch-8 (4400/7410)	batch_time 0.08		data_time 0.01		loss 0.645	prec@1 80.12	
Train: epoch-8 (4600/7410)	batch_time 0.07		data_time 0.01		loss 0.627	prec@1 80.97	
Train: epoch-8 (4800/7410)	batch_time 0.08		data_time 0.01		loss 0.661	prec@1 80.38	
Train: epoch-8 (5000/7410)	batch_time 0.08		data_time 0.01		loss 0.720	prec@1 78.31	
Train: epoch-8 (5200/7410)	batch_time 0.08		data_time 0.01		loss 0.673	prec@1 79.91	
Train: epoch-8 (5400/7410)	batch_time 0.07		data_time 0.01		loss 0.698	prec@1 78.62	
Train: epoch-8 (5600/7410)	batch_time 0.08		data_time 0.01		loss 0.665	prec@1 79.75	
Train: epoch-8 (5800/7410)	batch_time 0.07		data_time 0.01		loss 0.666	prec@1 80.19	
Train: epoch-8 (6000/7410)	batch_time 0.08		data_time 0.01		loss 0.638	prec@1 80.53	
Train: epoch-8 (6200/7410)	batch_time 0.08		data_time 0.01		loss 0.672	prec@1 80.16	
Train: epoch-8 (6400/7410)	batch_time 0.08		data_time 0.01		loss 0.663	prec@1 80.31	
Train: epoch-8 (6600/7410)	batch_time 0.08		data_time 0.01		loss 0.641	prec@1 81.03	
Train: epoch-8 (6800/7410)	batch_time 0.07		data_time 0.01		loss 0.663	prec@1 80.03	
Train: epoch-8 (7000/7410)	batch_time 0.08		data_time 0.01		loss 0.677	prec@1 79.50	
Train: epoch-8 (7200/7410)	batch_time 0.07		data_time 0.01		loss 0.681	prec@1 79.16	
Train: epoch-8 (7400/7410)	batch_time 0.08		data_time 0.01		loss 0.669	prec@1 79.66	
Validate: Prec@1 92.07  Loss 0.256
Best Prec@1: 92.07

Train: epoch-9 (200/7410)	batch_time 0.18		data_time 0.12		loss 0.629	prec@1 80.97	
Train: epoch-9 (400/7410)	batch_time 0.07		data_time 0.01		loss 0.656	prec@1 80.19	
Train: epoch-9 (600/7410)	batch_time 0.07		data_time 0.01		loss 0.634	prec@1 80.97	
Train: epoch-9 (800/7410)	batch_time 0.08		data_time 0.01		loss 0.676	prec@1 79.50	
Train: epoch-9 (1000/7410)	batch_time 0.08		data_time 0.01		loss 0.676	prec@1 79.62	
Train: epoch-9 (1200/7410)	batch_time 0.07		data_time 0.01		loss 0.662	prec@1 79.31	
Train: epoch-9 (1400/7410)	batch_time 0.08		data_time 0.01		loss 0.647	prec@1 79.97	
Train: epoch-9 (1600/7410)	batch_time 0.08		data_time 0.01		loss 0.648	prec@1 80.50	
Train: epoch-9 (1800/7410)	batch_time 0.08		data_time 0.01		loss 0.650	prec@1 80.41	
Train: epoch-9 (2000/7410)	batch_time 0.08		data_time 0.01		loss 0.660	prec@1 80.38	
Train: epoch-9 (2200/7410)	batch_time 0.08		data_time 0.01		loss 0.648	prec@1 80.28	
Train: epoch-9 (2400/7410)	batch_time 0.07		data_time 0.01		loss 0.644	prec@1 80.88	
Train: epoch-9 (2600/7410)	batch_time 0.08		data_time 0.01		loss 0.638	prec@1 80.00	
Train: epoch-9 (2800/7410)	batch_time 0.07		data_time 0.01		loss 0.681	prec@1 79.62	
Train: epoch-9 (3000/7410)	batch_time 0.08		data_time 0.01		loss 0.662	prec@1 80.34	
Train: epoch-9 (3200/7410)	batch_time 0.08		data_time 0.01		loss 0.658	prec@1 80.44	
Train: epoch-9 (3400/7410)	batch_time 0.08		data_time 0.01		loss 0.638	prec@1 81.06	
Train: epoch-9 (3600/7410)	batch_time 0.08		data_time 0.01		loss 0.658	prec@1 80.38	
Train: epoch-9 (3800/7410)	batch_time 0.08		data_time 0.01		loss 0.671	prec@1 78.78	
Train: epoch-9 (4000/7410)	batch_time 0.08		data_time 0.01		loss 0.669	prec@1 80.22	
Train: epoch-9 (4200/7410)	batch_time 0.08		data_time 0.01		loss 0.626	prec@1 81.28	
Train: epoch-9 (4400/7410)	batch_time 0.08		data_time 0.01		loss 0.679	prec@1 79.78	
Train: epoch-9 (4600/7410)	batch_time 0.08		data_time 0.01		loss 0.663	prec@1 80.53	
Train: epoch-9 (4800/7410)	batch_time 0.08		data_time 0.01		loss 0.615	prec@1 80.88	
Train: epoch-9 (5000/7410)	batch_time 0.08		data_time 0.01		loss 0.679	prec@1 79.28	
Train: epoch-9 (5200/7410)	batch_time 0.08		data_time 0.01		loss 0.624	prec@1 81.53	
Train: epoch-9 (5400/7410)	batch_time 0.08		data_time 0.01		loss 0.672	prec@1 79.03	
Train: epoch-9 (5600/7410)	batch_time 0.07		data_time 0.01		loss 0.654	prec@1 80.28	
Train: epoch-9 (5800/7410)	batch_time 0.08		data_time 0.01		loss 0.651	prec@1 80.06	
Train: epoch-9 (6000/7410)	batch_time 0.07		data_time 0.01		loss 0.666	prec@1 80.19	
Train: epoch-9 (6200/7410)	batch_time 0.08		data_time 0.01		loss 0.645	prec@1 80.88	
Train: epoch-9 (6400/7410)	batch_time 0.08		data_time 0.01		loss 0.659	prec@1 80.69	
Train: epoch-9 (6600/7410)	batch_time 0.07		data_time 0.01		loss 0.649	prec@1 80.62	
Train: epoch-9 (6800/7410)	batch_time 0.08		data_time 0.01		loss 0.663	prec@1 80.16	
Train: epoch-9 (7000/7410)	batch_time 0.08		data_time 0.01		loss 0.648	prec@1 80.31	
Train: epoch-9 (7200/7410)	batch_time 0.08		data_time 0.01		loss 0.659	prec@1 80.97	
Train: epoch-9 (7400/7410)	batch_time 0.08		data_time 0.01		loss 0.669	prec@1 79.22	
Validate: Prec@1 92.67  Loss 0.246
Best Prec@1: 92.67

Train: epoch-10 (200/7410)	batch_time 0.18		data_time 0.12		loss 0.616	prec@1 80.56	
Train: epoch-10 (400/7410)	batch_time 0.07		data_time 0.01		loss 0.626	prec@1 81.09	
Train: epoch-10 (600/7410)	batch_time 0.07		data_time 0.01		loss 0.644	prec@1 80.81	
Train: epoch-10 (800/7410)	batch_time 0.08		data_time 0.01		loss 0.629	prec@1 81.19	
Train: epoch-10 (1000/7410)	batch_time 0.08		data_time 0.01		loss 0.620	prec@1 80.66	
Train: epoch-10 (1200/7410)	batch_time 0.07		data_time 0.01		loss 0.650	prec@1 80.44	
Train: epoch-10 (1400/7410)	batch_time 0.07		data_time 0.01		loss 0.625	prec@1 80.69	
Train: epoch-10 (1600/7410)	batch_time 0.08		data_time 0.01		loss 0.626	prec@1 80.75	
Train: epoch-10 (1800/7410)	batch_time 0.08		data_time 0.01		loss 0.629	prec@1 80.91	
Train: epoch-10 (2000/7410)	batch_time 0.08		data_time 0.01		loss 0.615	prec@1 81.06	
Train: epoch-10 (2200/7410)	batch_time 0.07		data_time 0.01		loss 0.705	prec@1 78.69	
Train: epoch-10 (2400/7410)	batch_time 0.08		data_time 0.01		loss 0.661	prec@1 79.59	
Train: epoch-10 (2600/7410)	batch_time 0.07		data_time 0.01		loss 0.653	prec@1 80.44	
Train: epoch-10 (2800/7410)	batch_time 0.08		data_time 0.01		loss 0.615	prec@1 81.69	
Train: epoch-10 (3000/7410)	batch_time 0.07		data_time 0.01		loss 0.669	prec@1 80.19	
Train: epoch-10 (3200/7410)	batch_time 0.07		data_time 0.01		loss 0.638	prec@1 80.72	
Train: epoch-10 (3400/7410)	batch_time 0.08		data_time 0.01		loss 0.653	prec@1 80.19	
Train: epoch-10 (3600/7410)	batch_time 0.08		data_time 0.01		loss 0.621	prec@1 81.78	
Train: epoch-10 (3800/7410)	batch_time 0.07		data_time 0.01		loss 0.670	prec@1 79.88	
Train: epoch-10 (4000/7410)	batch_time 0.07		data_time 0.01		loss 0.630	prec@1 80.34	
Train: epoch-10 (4200/7410)	batch_time 0.08		data_time 0.01		loss 0.654	prec@1 80.81	
Train: epoch-10 (4400/7410)	batch_time 0.07		data_time 0.01		loss 0.626	prec@1 81.50	
Train: epoch-10 (4600/7410)	batch_time 0.07		data_time 0.01		loss 0.638	prec@1 80.94	
Train: epoch-10 (4800/7410)	batch_time 0.08		data_time 0.01		loss 0.666	prec@1 79.50	
Train: epoch-10 (5000/7410)	batch_time 0.08		data_time 0.01		loss 0.647	prec@1 79.59	
Train: epoch-10 (5200/7410)	batch_time 0.07		data_time 0.01		loss 0.627	prec@1 80.84	
Train: epoch-10 (5400/7410)	batch_time 0.07		data_time 0.01		loss 0.617	prec@1 81.09	
Train: epoch-10 (5600/7410)	batch_time 0.07		data_time 0.01		loss 0.675	prec@1 79.31	
Train: epoch-10 (5800/7410)	batch_time 0.08		data_time 0.01		loss 0.643	prec@1 80.78	
Train: epoch-10 (6000/7410)	batch_time 0.08		data_time 0.01		loss 0.679	prec@1 79.28	
Train: epoch-10 (6200/7410)	batch_time 0.08		data_time 0.01		loss 0.645	prec@1 81.28	
Train: epoch-10 (6400/7410)	batch_time 0.07		data_time 0.01		loss 0.627	prec@1 81.22	
Train: epoch-10 (6600/7410)	batch_time 0.08		data_time 0.01		loss 0.660	prec@1 80.38	
Train: epoch-10 (6800/7410)	batch_time 0.07		data_time 0.01		loss 0.648	prec@1 80.72	
Train: epoch-10 (7000/7410)	batch_time 0.07		data_time 0.01		loss 0.640	prec@1 79.94	
Train: epoch-10 (7200/7410)	batch_time 0.07		data_time 0.01		loss 0.650	prec@1 80.44	
Train: epoch-10 (7400/7410)	batch_time 0.07		data_time 0.01		loss 0.704	prec@1 78.62	
Validate: Prec@1 92.64  Loss 0.248
Best Prec@1: 92.67

Train: epoch-11 (200/7410)	batch_time 0.18		data_time 0.12		loss 0.643	prec@1 80.59	
Train: epoch-11 (400/7410)	batch_time 0.07		data_time 0.01		loss 0.626	prec@1 80.50	
Train: epoch-11 (600/7410)	batch_time 0.07		data_time 0.01		loss 0.622	prec@1 80.25	
Train: epoch-11 (800/7410)	batch_time 0.07		data_time 0.01		loss 0.640	prec@1 80.72	
Train: epoch-11 (1000/7410)	batch_time 0.08		data_time 0.01		loss 0.653	prec@1 80.47	
Train: epoch-11 (1200/7410)	batch_time 0.07		data_time 0.01		loss 0.632	prec@1 81.09	
Train: epoch-11 (1400/7410)	batch_time 0.07		data_time 0.01		loss 0.637	prec@1 81.34	
Train: epoch-11 (1600/7410)	batch_time 0.07		data_time 0.01		loss 0.642	prec@1 80.81	
Train: epoch-11 (1800/7410)	batch_time 0.07		data_time 0.01		loss 0.643	prec@1 80.50	
Train: epoch-11 (2000/7410)	batch_time 0.07		data_time 0.01		loss 0.623	prec@1 81.22	
Train: epoch-11 (2200/7410)	batch_time 0.07		data_time 0.01		loss 0.632	prec@1 80.22	
Train: epoch-11 (2400/7410)	batch_time 0.08		data_time 0.01		loss 0.649	prec@1 80.91	
Train: epoch-11 (2600/7410)	batch_time 0.07		data_time 0.01		loss 0.668	prec@1 79.66	
Train: epoch-11 (2800/7410)	batch_time 0.07		data_time 0.01		loss 0.620	prec@1 80.81	
Train: epoch-11 (3000/7410)	batch_time 0.07		data_time 0.01		loss 0.618	prec@1 81.09	
Train: epoch-11 (3200/7410)	batch_time 0.08		data_time 0.01		loss 0.617	prec@1 80.84	
Train: epoch-11 (3400/7410)	batch_time 0.07		data_time 0.01		loss 0.626	prec@1 80.50	
Train: epoch-11 (3600/7410)	batch_time 0.07		data_time 0.01		loss 0.573	prec@1 82.22	
Train: epoch-11 (3800/7410)	batch_time 0.07		data_time 0.01		loss 0.655	prec@1 80.62	
Train: epoch-11 (4000/7410)	batch_time 0.07		data_time 0.01		loss 0.635	prec@1 80.41	
Train: epoch-11 (4200/7410)	batch_time 0.07		data_time 0.01		loss 0.647	prec@1 79.81	
Train: epoch-11 (4400/7410)	batch_time 0.07		data_time 0.01		loss 0.643	prec@1 79.84	
Train: epoch-11 (4600/7410)	batch_time 0.08		data_time 0.01		loss 0.659	prec@1 80.41	
Train: epoch-11 (4800/7410)	batch_time 0.08		data_time 0.01		loss 0.683	prec@1 79.28	
Train: epoch-11 (5000/7410)	batch_time 0.07		data_time 0.01		loss 0.620	prec@1 81.47	
Train: epoch-11 (5200/7410)	batch_time 0.07		data_time 0.01		loss 0.609	prec@1 81.72	
Train: epoch-11 (5400/7410)	batch_time 0.07		data_time 0.01		loss 0.635	prec@1 80.88	
Train: epoch-11 (5600/7410)	batch_time 0.07		data_time 0.01		loss 0.629	prec@1 81.09	
Train: epoch-11 (5800/7410)	batch_time 0.07		data_time 0.01		loss 0.606	prec@1 82.00	
Train: epoch-11 (6000/7410)	batch_time 0.07		data_time 0.01		loss 0.632	prec@1 80.56	
Train: epoch-11 (6200/7410)	batch_time 0.08		data_time 0.01		loss 0.641	prec@1 80.69	
Train: epoch-11 (6400/7410)	batch_time 0.07		data_time 0.01		loss 0.597	prec@1 81.41	
Train: epoch-11 (6600/7410)	batch_time 0.08		data_time 0.01		loss 0.646	prec@1 80.91	
Train: epoch-11 (6800/7410)	batch_time 0.08		data_time 0.01		loss 0.603	prec@1 81.84	
Train: epoch-11 (7000/7410)	batch_time 0.07		data_time 0.01		loss 0.618	prec@1 80.97	
Train: epoch-11 (7200/7410)	batch_time 0.08		data_time 0.01		loss 0.646	prec@1 80.56	
Train: epoch-11 (7400/7410)	batch_time 0.08		data_time 0.01		loss 0.639	prec@1 80.78	
Validate: Prec@1 92.18  Loss 0.255
Best Prec@1: 92.67

Train: epoch-12 (200/7410)	batch_time 0.17		data_time 0.11		loss 0.632	prec@1 80.44	
Train: epoch-12 (400/7410)	batch_time 0.07		data_time 0.01		loss 0.616	prec@1 81.69	
Train: epoch-12 (600/7410)	batch_time 0.07		data_time 0.01		loss 0.585	prec@1 82.81	
Train: epoch-12 (800/7410)	batch_time 0.08		data_time 0.01		loss 0.637	prec@1 80.28	
Train: epoch-12 (1000/7410)	batch_time 0.07		data_time 0.01		loss 0.650	prec@1 80.34	
Train: epoch-12 (1200/7410)	batch_time 0.07		data_time 0.01		loss 0.616	prec@1 80.78	
Train: epoch-12 (1400/7410)	batch_time 0.07		data_time 0.01		loss 0.633	prec@1 81.38	
Train: epoch-12 (1600/7410)	batch_time 0.08		data_time 0.01		loss 0.605	prec@1 81.78	
Train: epoch-12 (1800/7410)	batch_time 0.07		data_time 0.01		loss 0.631	prec@1 80.59	
Train: epoch-12 (2000/7410)	batch_time 0.07		data_time 0.01		loss 0.569	prec@1 81.97	
Train: epoch-12 (2200/7410)	batch_time 0.08		data_time 0.01		loss 0.644	prec@1 80.38	
Train: epoch-12 (2400/7410)	batch_time 0.07		data_time 0.01		loss 0.659	prec@1 79.56	
Train: epoch-12 (2600/7410)	batch_time 0.07		data_time 0.01		loss 0.605	prec@1 81.62	
Train: epoch-12 (2800/7410)	batch_time 0.07		data_time 0.01		loss 0.652	prec@1 80.56	
Train: epoch-12 (3000/7410)	batch_time 0.08		data_time 0.01		loss 0.619	prec@1 81.12	
Train: epoch-12 (3200/7410)	batch_time 0.08		data_time 0.01		loss 0.613	prec@1 81.66	
Train: epoch-12 (3400/7410)	batch_time 0.08		data_time 0.01		loss 0.643	prec@1 80.44	
Train: epoch-12 (3600/7410)	batch_time 0.07		data_time 0.01		loss 0.595	prec@1 82.16	
Train: epoch-12 (3800/7410)	batch_time 0.07		data_time 0.01		loss 0.625	prec@1 81.28	
Train: epoch-12 (4000/7410)	batch_time 0.08		data_time 0.01		loss 0.629	prec@1 81.22	
Train: epoch-12 (4200/7410)	batch_time 0.07		data_time 0.01		loss 0.616	prec@1 81.03	
Train: epoch-12 (4400/7410)	batch_time 0.07		data_time 0.01		loss 0.615	prec@1 81.84	
Train: epoch-12 (4600/7410)	batch_time 0.08		data_time 0.01		loss 0.633	prec@1 80.56	
Train: epoch-12 (4800/7410)	batch_time 0.07		data_time 0.01		loss 0.626	prec@1 80.94	
Train: epoch-12 (5000/7410)	batch_time 0.08		data_time 0.01		loss 0.615	prec@1 81.09	
Train: epoch-12 (5200/7410)	batch_time 0.08		data_time 0.01		loss 0.606	prec@1 81.50	
Train: epoch-12 (5400/7410)	batch_time 0.08		data_time 0.01		loss 0.624	prec@1 80.72	
Train: epoch-12 (5600/7410)	batch_time 0.07		data_time 0.01		loss 0.644	prec@1 80.78	
Train: epoch-12 (5800/7410)	batch_time 0.07		data_time 0.01		loss 0.609	prec@1 80.91	
Train: epoch-12 (6000/7410)	batch_time 0.07		data_time 0.01		loss 0.631	prec@1 80.84	
Train: epoch-12 (6200/7410)	batch_time 0.07		data_time 0.01		loss 0.664	prec@1 80.16	
Train: epoch-12 (6400/7410)	batch_time 0.08		data_time 0.01		loss 0.654	prec@1 80.25	
Train: epoch-12 (6600/7410)	batch_time 0.07		data_time 0.01		loss 0.645	prec@1 80.75	
Train: epoch-12 (6800/7410)	batch_time 0.07		data_time 0.01		loss 0.634	prec@1 81.12	
Train: epoch-12 (7000/7410)	batch_time 0.07		data_time 0.01		loss 0.646	prec@1 80.31	
Train: epoch-12 (7200/7410)	batch_time 0.07		data_time 0.01		loss 0.601	prec@1 82.00	
Train: epoch-12 (7400/7410)	batch_time 0.08		data_time 0.01		loss 0.639	prec@1 80.84	
Validate: Prec@1 91.51  Loss 0.274
Best Prec@1: 92.67

Train: epoch-13 (200/7410)	batch_time 0.18		data_time 0.12		loss 0.615	prec@1 81.34	
Train: epoch-13 (400/7410)	batch_time 0.07		data_time 0.01		loss 0.663	prec@1 80.28	
Train: epoch-13 (600/7410)	batch_time 0.07		data_time 0.01		loss 0.588	prec@1 82.00	
Train: epoch-13 (800/7410)	batch_time 0.08		data_time 0.01		loss 0.621	prec@1 80.88	
Train: epoch-13 (1000/7410)	batch_time 0.08		data_time 0.01		loss 0.643	prec@1 80.06	
Train: epoch-13 (1200/7410)	batch_time 0.08		data_time 0.01		loss 0.621	prec@1 81.09	
Train: epoch-13 (1400/7410)	batch_time 0.08		data_time 0.01		loss 0.639	prec@1 81.06	
Train: epoch-13 (1600/7410)	batch_time 0.07		data_time 0.01		loss 0.626	prec@1 80.25	
Train: epoch-13 (1800/7410)	batch_time 0.07		data_time 0.01		loss 0.620	prec@1 81.25	
Train: epoch-13 (2000/7410)	batch_time 0.07		data_time 0.01		loss 0.555	prec@1 82.94	
Train: epoch-13 (2200/7410)	batch_time 0.07		data_time 0.01		loss 0.619	prec@1 81.03	
Train: epoch-13 (2400/7410)	batch_time 0.07		data_time 0.01		loss 0.587	prec@1 82.75	
Train: epoch-13 (2600/7410)	batch_time 0.07		data_time 0.01		loss 0.633	prec@1 80.22	
Train: epoch-13 (2800/7410)	batch_time 0.07		data_time 0.01		loss 0.614	prec@1 81.88	
Train: epoch-13 (3000/7410)	batch_time 0.07		data_time 0.01		loss 0.642	prec@1 80.06	
Train: epoch-13 (3200/7410)	batch_time 0.07		data_time 0.01		loss 0.649	prec@1 80.66	
Train: epoch-13 (3400/7410)	batch_time 0.07		data_time 0.01		loss 0.623	prec@1 80.97	
Train: epoch-13 (3600/7410)	batch_time 0.08		data_time 0.01		loss 0.619	prec@1 81.06	
Train: epoch-13 (3800/7410)	batch_time 0.07		data_time 0.01		loss 0.626	prec@1 81.34	
Train: epoch-13 (4000/7410)	batch_time 0.07		data_time 0.01		loss 0.584	prec@1 81.91	
Train: epoch-13 (4200/7410)	batch_time 0.08		data_time 0.01		loss 0.626	prec@1 81.31	
Train: epoch-13 (4400/7410)	batch_time 0.07		data_time 0.01		loss 0.614	prec@1 81.69	
Train: epoch-13 (4600/7410)	batch_time 0.07		data_time 0.01		loss 0.629	prec@1 80.84	
Train: epoch-13 (4800/7410)	batch_time 0.07		data_time 0.01		loss 0.610	prec@1 81.88	
Train: epoch-13 (5000/7410)	batch_time 0.08		data_time 0.01		loss 0.634	prec@1 80.50	
Train: epoch-13 (5200/7410)	batch_time 0.08		data_time 0.01		loss 0.594	prec@1 81.72	
Train: epoch-13 (5400/7410)	batch_time 0.07		data_time 0.01		loss 0.647	prec@1 80.69	
Train: epoch-13 (5600/7410)	batch_time 0.08		data_time 0.01		loss 0.597	prec@1 81.91	
Train: epoch-13 (5800/7410)	batch_time 0.07		data_time 0.01		loss 0.660	prec@1 79.72	
Train: epoch-13 (6000/7410)	batch_time 0.07		data_time 0.01		loss 0.573	prec@1 82.69	
Train: epoch-13 (6200/7410)	batch_time 0.07		data_time 0.01		loss 0.643	prec@1 80.50	
Train: epoch-13 (6400/7410)	batch_time 0.08		data_time 0.01		loss 0.634	prec@1 80.38	
Train: epoch-13 (6600/7410)	batch_time 0.07		data_time 0.01		loss 0.592	prec@1 81.69	
Train: epoch-13 (6800/7410)	batch_time 0.07		data_time 0.01		loss 0.637	prec@1 80.06	
Train: epoch-13 (7000/7410)	batch_time 0.07		data_time 0.01		loss 0.646	prec@1 81.06	
Train: epoch-13 (7200/7410)	batch_time 0.07		data_time 0.01		loss 0.612	prec@1 81.62	
Train: epoch-13 (7400/7410)	batch_time 0.07		data_time 0.01		loss 0.593	prec@1 80.84	
Validate: Prec@1 92.69  Loss 0.241
Best Prec@1: 92.69

Train: epoch-14 (200/7410)	batch_time 0.18		data_time 0.12		loss 0.598	prec@1 81.91	
Train: epoch-14 (400/7410)	batch_time 0.07		data_time 0.01		loss 0.580	prec@1 82.53	
Train: epoch-14 (600/7410)	batch_time 0.07		data_time 0.01		loss 0.607	prec@1 81.81	
Train: epoch-14 (800/7410)	batch_time 0.07		data_time 0.01		loss 0.627	prec@1 81.00	
Train: epoch-14 (1000/7410)	batch_time 0.08		data_time 0.01		loss 0.611	prec@1 81.78	
Train: epoch-14 (1200/7410)	batch_time 0.08		data_time 0.01		loss 0.599	prec@1 81.62	
Train: epoch-14 (1400/7410)	batch_time 0.07		data_time 0.01		loss 0.629	prec@1 81.31	
Train: epoch-14 (1600/7410)	batch_time 0.08		data_time 0.01		loss 0.595	prec@1 82.00	
Train: epoch-14 (1800/7410)	batch_time 0.08		data_time 0.01		loss 0.623	prec@1 81.38	
Train: epoch-14 (2000/7410)	batch_time 0.07		data_time 0.01		loss 0.586	prec@1 81.56	
Train: epoch-14 (2200/7410)	batch_time 0.07		data_time 0.01		loss 0.593	prec@1 82.50	
Train: epoch-14 (2400/7410)	batch_time 0.08		data_time 0.01		loss 0.621	prec@1 80.97	
Train: epoch-14 (2600/7410)	batch_time 0.08		data_time 0.01		loss 0.594	prec@1 81.56	
Train: epoch-14 (2800/7410)	batch_time 0.08		data_time 0.01		loss 0.595	prec@1 81.84	
Train: epoch-14 (3000/7410)	batch_time 0.07		data_time 0.01		loss 0.628	prec@1 81.53	
Train: epoch-14 (3200/7410)	batch_time 0.07		data_time 0.01		loss 0.608	prec@1 81.88	
Train: epoch-14 (3400/7410)	batch_time 0.07		data_time 0.01		loss 0.600	prec@1 81.91	
Train: epoch-14 (3600/7410)	batch_time 0.08		data_time 0.01		loss 0.608	prec@1 81.53	
Train: epoch-14 (3800/7410)	batch_time 0.08		data_time 0.01		loss 0.624	prec@1 81.91	
Train: epoch-14 (4000/7410)	batch_time 0.07		data_time 0.01		loss 0.599	prec@1 82.22	
Train: epoch-14 (4200/7410)	batch_time 0.08		data_time 0.01		loss 0.664	prec@1 79.34	
Train: epoch-14 (4400/7410)	batch_time 0.08		data_time 0.01		loss 0.623	prec@1 81.19	
Train: epoch-14 (4600/7410)	batch_time 0.08		data_time 0.01		loss 0.626	prec@1 80.94	
Train: epoch-14 (4800/7410)	batch_time 0.08		data_time 0.01		loss 0.627	prec@1 81.16	
Train: epoch-14 (5000/7410)	batch_time 0.08		data_time 0.01		loss 0.599	prec@1 81.97	
Train: epoch-14 (5200/7410)	batch_time 0.08		data_time 0.01		loss 0.616	prec@1 81.12	
Train: epoch-14 (5400/7410)	batch_time 0.08		data_time 0.01		loss 0.583	prec@1 81.69	
Train: epoch-14 (5600/7410)	batch_time 0.08		data_time 0.01		loss 0.619	prec@1 81.12	
Train: epoch-14 (5800/7410)	batch_time 0.08		data_time 0.01		loss 0.595	prec@1 81.66	
Train: epoch-14 (6000/7410)	batch_time 0.08		data_time 0.01		loss 0.643	prec@1 80.69	
Train: epoch-14 (6200/7410)	batch_time 0.08		data_time 0.01		loss 0.635	prec@1 81.22	
Train: epoch-14 (6400/7410)	batch_time 0.07		data_time 0.01		loss 0.564	prec@1 82.75	
Train: epoch-14 (6600/7410)	batch_time 0.08		data_time 0.01		loss 0.612	prec@1 80.81	
Train: epoch-14 (6800/7410)	batch_time 0.08		data_time 0.01		loss 0.635	prec@1 80.81	
Train: epoch-14 (7000/7410)	batch_time 0.08		data_time 0.01		loss 0.625	prec@1 80.97	
Train: epoch-14 (7200/7410)	batch_time 0.07		data_time 0.01		loss 0.640	prec@1 80.28	
Train: epoch-14 (7400/7410)	batch_time 0.08		data_time 0.01		loss 0.605	prec@1 81.66	
Validate: Prec@1 92.97  Loss 0.237
Best Prec@1: 92.97

Train: epoch-15 (200/7410)	batch_time 0.18		data_time 0.12		loss 0.615	prec@1 81.31	
Train: epoch-15 (400/7410)	batch_time 0.07		data_time 0.01		loss 0.587	prec@1 82.25	
Train: epoch-15 (600/7410)	batch_time 0.07		data_time 0.01		loss 0.608	prec@1 81.81	
Train: epoch-15 (800/7410)	batch_time 0.07		data_time 0.01		loss 0.610	prec@1 81.22	
Train: epoch-15 (1000/7410)	batch_time 0.08		data_time 0.01		loss 0.600	prec@1 82.00	
Train: epoch-15 (1200/7410)	batch_time 0.07		data_time 0.01		loss 0.592	prec@1 82.22	
Train: epoch-15 (1400/7410)	batch_time 0.07		data_time 0.01		loss 0.603	prec@1 81.56	
Train: epoch-15 (1600/7410)	batch_time 0.08		data_time 0.01		loss 0.593	prec@1 81.53	
Train: epoch-15 (1800/7410)	batch_time 0.07		data_time 0.01		loss 0.621	prec@1 80.88	
Train: epoch-15 (2000/7410)	batch_time 0.08		data_time 0.01		loss 0.604	prec@1 81.03	
Train: epoch-15 (2200/7410)	batch_time 0.07		data_time 0.01		loss 0.621	prec@1 80.94	
Train: epoch-15 (2400/7410)	batch_time 0.07		data_time 0.01		loss 0.643	prec@1 80.75	
Train: epoch-15 (2600/7410)	batch_time 0.07		data_time 0.01		loss 0.592	prec@1 81.75	
Train: epoch-15 (2800/7410)	batch_time 0.07		data_time 0.01		loss 0.635	prec@1 80.53	
Train: epoch-15 (3000/7410)	batch_time 0.08		data_time 0.01		loss 0.599	prec@1 81.75	
Train: epoch-15 (3200/7410)	batch_time 0.08		data_time 0.01		loss 0.601	prec@1 82.16	
Train: epoch-15 (3400/7410)	batch_time 0.08		data_time 0.01		loss 0.585	prec@1 82.12	
Train: epoch-15 (3600/7410)	batch_time 0.08		data_time 0.01		loss 0.640	prec@1 80.69	
Train: epoch-15 (3800/7410)	batch_time 0.08		data_time 0.01		loss 0.616	prec@1 81.53	
Train: epoch-15 (4000/7410)	batch_time 0.08		data_time 0.01		loss 0.581	prec@1 81.91	
Train: epoch-15 (4200/7410)	batch_time 0.08		data_time 0.01		loss 0.550	prec@1 83.31	
Train: epoch-15 (4400/7410)	batch_time 0.07		data_time 0.01		loss 0.636	prec@1 80.62	
Train: epoch-15 (4600/7410)	batch_time 0.07		data_time 0.01		loss 0.626	prec@1 80.78	
Train: epoch-15 (4800/7410)	batch_time 0.08		data_time 0.01		loss 0.602	prec@1 81.41	
Train: epoch-15 (5000/7410)	batch_time 0.07		data_time 0.01		loss 0.574	prec@1 82.34	
Train: epoch-15 (5200/7410)	batch_time 0.08		data_time 0.01		loss 0.618	prec@1 80.62	
Train: epoch-15 (5400/7410)	batch_time 0.07		data_time 0.01		loss 0.610	prec@1 80.78	
Train: epoch-15 (5600/7410)	batch_time 0.07		data_time 0.01		loss 0.606	prec@1 81.47	
Train: epoch-15 (5800/7410)	batch_time 0.07		data_time 0.01		loss 0.596	prec@1 81.38	
Train: epoch-15 (6000/7410)	batch_time 0.08		data_time 0.01		loss 0.607	prec@1 81.25	
Train: epoch-15 (6200/7410)	batch_time 0.07		data_time 0.01		loss 0.583	prec@1 82.88	
Train: epoch-15 (6400/7410)	batch_time 0.07		data_time 0.01		loss 0.631	prec@1 80.72	
Train: epoch-15 (6600/7410)	batch_time 0.08		data_time 0.01		loss 0.603	prec@1 81.50	
Train: epoch-15 (6800/7410)	batch_time 0.08		data_time 0.01		loss 0.621	prec@1 81.72	
Train: epoch-15 (7000/7410)	batch_time 0.07		data_time 0.01		loss 0.598	prec@1 81.62	
Train: epoch-15 (7200/7410)	batch_time 0.07		data_time 0.01		loss 0.618	prec@1 80.69	
Train: epoch-15 (7400/7410)	batch_time 0.08		data_time 0.01		loss 0.654	prec@1 80.75	
Validate: Prec@1 92.68  Loss 0.240
Best Prec@1: 92.97

Train: epoch-16 (200/7410)	batch_time 0.18		data_time 0.12		loss 0.611	prec@1 81.41	
Train: epoch-16 (400/7410)	batch_time 0.07		data_time 0.01		loss 0.585	prec@1 82.41	
Train: epoch-16 (600/7410)	batch_time 0.07		data_time 0.01		loss 0.594	prec@1 81.50	
Train: epoch-16 (800/7410)	batch_time 0.08		data_time 0.01		loss 0.618	prec@1 81.56	
Train: epoch-16 (1000/7410)	batch_time 0.08		data_time 0.01		loss 0.588	prec@1 82.34	
Train: epoch-16 (1200/7410)	batch_time 0.07		data_time 0.01		loss 0.579	prec@1 82.06	
Train: epoch-16 (1400/7410)	batch_time 0.08		data_time 0.01		loss 0.622	prec@1 81.22	
Train: epoch-16 (1600/7410)	batch_time 0.07		data_time 0.01		loss 0.581	prec@1 82.81	
Train: epoch-16 (1800/7410)	batch_time 0.07		data_time 0.01		loss 0.590	prec@1 82.66	
Train: epoch-16 (2000/7410)	batch_time 0.08		data_time 0.01		loss 0.587	prec@1 82.94	
Train: epoch-16 (2200/7410)	batch_time 0.07		data_time 0.01		loss 0.637	prec@1 80.16	
Train: epoch-16 (2400/7410)	batch_time 0.07		data_time 0.01		loss 0.624	prec@1 81.44	
Train: epoch-16 (2600/7410)	batch_time 0.07		data_time 0.01		loss 0.663	prec@1 80.75	
Train: epoch-16 (2800/7410)	batch_time 0.08		data_time 0.01		loss 0.603	prec@1 81.62	
Train: epoch-16 (3000/7410)	batch_time 0.07		data_time 0.01		loss 0.586	prec@1 81.78	
Train: epoch-16 (3200/7410)	batch_time 0.07		data_time 0.01		loss 0.636	prec@1 80.28	
Train: epoch-16 (3400/7410)	batch_time 0.07		data_time 0.01		loss 0.648	prec@1 80.09	
Train: epoch-16 (3600/7410)	batch_time 0.08		data_time 0.01		loss 0.589	prec@1 81.97	
Train: epoch-16 (3800/7410)	batch_time 0.07		data_time 0.01		loss 0.620	prec@1 81.25	
Train: epoch-16 (4000/7410)	batch_time 0.07		data_time 0.01		loss 0.620	prec@1 80.62	
Train: epoch-16 (4200/7410)	batch_time 0.08		data_time 0.01		loss 0.623	prec@1 80.72	
Train: epoch-16 (4400/7410)	batch_time 0.08		data_time 0.01		loss 0.585	prec@1 82.50	
Train: epoch-16 (4600/7410)	batch_time 0.08		data_time 0.01		loss 0.602	prec@1 81.69	
Train: epoch-16 (4800/7410)	batch_time 0.08		data_time 0.01		loss 0.621	prec@1 81.28	
Train: epoch-16 (5000/7410)	batch_time 0.07		data_time 0.01		loss 0.601	prec@1 81.56	
Train: epoch-16 (5200/7410)	batch_time 0.08		data_time 0.01		loss 0.578	prec@1 82.22	
Train: epoch-16 (5400/7410)	batch_time 0.07		data_time 0.01		loss 0.593	prec@1 81.66	
Train: epoch-16 (5600/7410)	batch_time 0.07		data_time 0.01		loss 0.594	prec@1 81.94	
Train: epoch-16 (5800/7410)	batch_time 0.08		data_time 0.01		loss 0.564	prec@1 82.41	
Train: epoch-16 (6000/7410)	batch_time 0.08		data_time 0.01		loss 0.583	prec@1 81.47	
Train: epoch-16 (6200/7410)	batch_time 0.08		data_time 0.01		loss 0.609	prec@1 81.88	
Train: epoch-16 (6400/7410)	batch_time 0.08		data_time 0.01		loss 0.598	prec@1 81.69	
Train: epoch-16 (6600/7410)	batch_time 0.07		data_time 0.01		loss 0.569	prec@1 82.19	
Train: epoch-16 (6800/7410)	batch_time 0.07		data_time 0.01		loss 0.588	prec@1 81.16	
Train: epoch-16 (7000/7410)	batch_time 0.07		data_time 0.01		loss 0.641	prec@1 80.59	
Train: epoch-16 (7200/7410)	batch_time 0.08		data_time 0.01		loss 0.613	prec@1 82.03	
Train: epoch-16 (7400/7410)	batch_time 0.08		data_time 0.01		loss 0.550	prec@1 83.16	
Validate: Prec@1 92.97  Loss 0.236
Best Prec@1: 92.97

Train: epoch-17 (200/7410)	batch_time 0.18		data_time 0.12		loss 0.624	prec@1 81.69	
Train: epoch-17 (400/7410)	batch_time 0.07		data_time 0.01		loss 0.614	prec@1 81.28	
Train: epoch-17 (600/7410)	batch_time 0.07		data_time 0.01		loss 0.592	prec@1 82.12	
Train: epoch-17 (800/7410)	batch_time 0.08		data_time 0.01		loss 0.584	prec@1 82.09	
Train: epoch-17 (1000/7410)	batch_time 0.08		data_time 0.01		loss 0.593	prec@1 81.62	
Train: epoch-17 (1200/7410)	batch_time 0.07		data_time 0.01		loss 0.589	prec@1 81.91	
Train: epoch-17 (1400/7410)	batch_time 0.08		data_time 0.01		loss 0.568	prec@1 82.09	
Train: epoch-17 (1600/7410)	batch_time 0.08		data_time 0.01		loss 0.601	prec@1 82.56	
Train: epoch-17 (1800/7410)	batch_time 0.08		data_time 0.01		loss 0.600	prec@1 81.78	
Train: epoch-17 (2000/7410)	batch_time 0.08		data_time 0.01		loss 0.581	prec@1 82.03	
Train: epoch-17 (2200/7410)	batch_time 0.08		data_time 0.01		loss 0.633	prec@1 80.69	
Train: epoch-17 (2400/7410)	batch_time 0.08		data_time 0.01		loss 0.576	prec@1 82.56	
Train: epoch-17 (2600/7410)	batch_time 0.08		data_time 0.01		loss 0.606	prec@1 81.81	
Train: epoch-17 (2800/7410)	batch_time 0.08		data_time 0.01		loss 0.590	prec@1 81.84	
Train: epoch-17 (3000/7410)	batch_time 0.08		data_time 0.01		loss 0.609	prec@1 81.31	
Train: epoch-17 (3200/7410)	batch_time 0.07		data_time 0.01		loss 0.603	prec@1 82.16	
Train: epoch-17 (3400/7410)	batch_time 0.07		data_time 0.01		loss 0.585	prec@1 82.38	
Train: epoch-17 (3600/7410)	batch_time 0.08		data_time 0.01		loss 0.624	prec@1 81.12	
Train: epoch-17 (3800/7410)	batch_time 0.07		data_time 0.01		loss 0.610	prec@1 81.44	
Train: epoch-17 (4000/7410)	batch_time 0.08		data_time 0.01		loss 0.647	prec@1 81.25	
Train: epoch-17 (4200/7410)	batch_time 0.07		data_time 0.01		loss 0.590	prec@1 82.19	
Train: epoch-17 (4400/7410)	batch_time 0.07		data_time 0.01		loss 0.603	prec@1 81.78	
Train: epoch-17 (4600/7410)	batch_time 0.08		data_time 0.01		loss 0.596	prec@1 81.91	
Train: epoch-17 (4800/7410)	batch_time 0.08		data_time 0.01		loss 0.573	prec@1 81.88	
Train: epoch-17 (5000/7410)	batch_time 0.07		data_time 0.01		loss 0.572	prec@1 82.22	
Train: epoch-17 (5200/7410)	batch_time 0.08		data_time 0.01		loss 0.598	prec@1 82.16	
Train: epoch-17 (5400/7410)	batch_time 0.08		data_time 0.01		loss 0.589	prec@1 82.25	
Train: epoch-17 (5600/7410)	batch_time 0.07		data_time 0.01		loss 0.592	prec@1 82.28	
Train: epoch-17 (5800/7410)	batch_time 0.08		data_time 0.01		loss 0.609	prec@1 80.94	
Train: epoch-17 (6000/7410)	batch_time 0.07		data_time 0.01		loss 0.626	prec@1 81.00	
Train: epoch-17 (6200/7410)	batch_time 0.08		data_time 0.01		loss 0.592	prec@1 82.34	
Train: epoch-17 (6400/7410)	batch_time 0.08		data_time 0.01		loss 0.588	prec@1 81.34	
Train: epoch-17 (6600/7410)	batch_time 0.08		data_time 0.01		loss 0.568	prec@1 82.62	
Train: epoch-17 (6800/7410)	batch_time 0.08		data_time 0.01		loss 0.618	prec@1 81.25	
Train: epoch-17 (7000/7410)	batch_time 0.07		data_time 0.01		loss 0.602	prec@1 82.00	
Train: epoch-17 (7200/7410)	batch_time 0.08		data_time 0.01		loss 0.612	prec@1 81.22	
Train: epoch-17 (7400/7410)	batch_time 0.07		data_time 0.01		loss 0.571	prec@1 82.53	
Validate: Prec@1 93.15  Loss 0.232
Best Prec@1: 93.15

Train: epoch-18 (200/7410)	batch_time 0.18		data_time 0.12		loss 0.588	prec@1 82.72	
Train: epoch-18 (400/7410)	batch_time 0.07		data_time 0.01		loss 0.572	prec@1 82.66	
Train: epoch-18 (600/7410)	batch_time 0.07		data_time 0.01		loss 0.546	prec@1 83.22	
Train: epoch-18 (800/7410)	batch_time 0.07		data_time 0.01		loss 0.553	prec@1 83.41	
Train: epoch-18 (1000/7410)	batch_time 0.07		data_time 0.01		loss 0.551	prec@1 82.97	
Train: epoch-18 (1200/7410)	batch_time 0.08		data_time 0.01		loss 0.566	prec@1 83.09	
Train: epoch-18 (1400/7410)	batch_time 0.08		data_time 0.01		loss 0.537	prec@1 83.97	
Train: epoch-18 (1600/7410)	batch_time 0.08		data_time 0.01		loss 0.558	prec@1 83.00	
Train: epoch-18 (1800/7410)	batch_time 0.08		data_time 0.01		loss 0.517	prec@1 84.19	
Train: epoch-18 (2000/7410)	batch_time 0.08		data_time 0.01		loss 0.550	prec@1 83.41	
Train: epoch-18 (2200/7410)	batch_time 0.08		data_time 0.01		loss 0.553	prec@1 83.59	
Train: epoch-18 (2400/7410)	batch_time 0.08		data_time 0.01		loss 0.547	prec@1 83.34	
Train: epoch-18 (2600/7410)	batch_time 0.07		data_time 0.01		loss 0.524	prec@1 84.09	
Train: epoch-18 (2800/7410)	batch_time 0.08		data_time 0.01		loss 0.534	prec@1 83.88	
Train: epoch-18 (3000/7410)	batch_time 0.07		data_time 0.01		loss 0.527	prec@1 84.38	
Train: epoch-18 (3200/7410)	batch_time 0.08		data_time 0.01		loss 0.535	prec@1 83.62	
Train: epoch-18 (3400/7410)	batch_time 0.08		data_time 0.01		loss 0.506	prec@1 84.91	
Train: epoch-18 (3600/7410)	batch_time 0.08		data_time 0.01		loss 0.527	prec@1 83.75	
Train: epoch-18 (3800/7410)	batch_time 0.07		data_time 0.01		loss 0.555	prec@1 83.41	
Train: epoch-18 (4000/7410)	batch_time 0.08		data_time 0.01		loss 0.499	prec@1 85.22	
Train: epoch-18 (4200/7410)	batch_time 0.08		data_time 0.01		loss 0.525	prec@1 84.41	
Train: epoch-18 (4400/7410)	batch_time 0.08		data_time 0.01		loss 0.522	prec@1 84.34	
Train: epoch-18 (4600/7410)	batch_time 0.08		data_time 0.01		loss 0.538	prec@1 83.53	
Train: epoch-18 (4800/7410)	batch_time 0.07		data_time 0.01		loss 0.522	prec@1 84.06	
Train: epoch-18 (5000/7410)	batch_time 0.07		data_time 0.01		loss 0.495	prec@1 84.78	
Train: epoch-18 (5200/7410)	batch_time 0.07		data_time 0.01		loss 0.509	prec@1 84.81	
Train: epoch-18 (5400/7410)	batch_time 0.07		data_time 0.01		loss 0.516	prec@1 83.88	
Train: epoch-18 (5600/7410)	batch_time 0.08		data_time 0.01		loss 0.534	prec@1 83.69	
Train: epoch-18 (5800/7410)	batch_time 0.08		data_time 0.01		loss 0.519	prec@1 84.81	
Train: epoch-18 (6000/7410)	batch_time 0.08		data_time 0.01		loss 0.529	prec@1 84.19	
Train: epoch-18 (6200/7410)	batch_time 0.08		data_time 0.01		loss 0.527	prec@1 84.03	
Train: epoch-18 (6400/7410)	batch_time 0.08		data_time 0.01		loss 0.542	prec@1 83.69	
Train: epoch-18 (6600/7410)	batch_time 0.07		data_time 0.01		loss 0.530	prec@1 84.25	
Train: epoch-18 (6800/7410)	batch_time 0.08		data_time 0.01		loss 0.492	prec@1 85.25	
Train: epoch-18 (7000/7410)	batch_time 0.08		data_time 0.01		loss 0.524	prec@1 83.91	
Train: epoch-18 (7200/7410)	batch_time 0.08		data_time 0.01		loss 0.526	prec@1 84.19	
Train: epoch-18 (7400/7410)	batch_time 0.08		data_time 0.01		loss 0.505	prec@1 84.22	
Validate: Prec@1 94.40  Loss 0.191
Best Prec@1: 94.40

Train: epoch-19 (200/7410)	batch_time 0.18		data_time 0.12		loss 0.531	prec@1 83.09	
Train: epoch-19 (400/7410)	batch_time 0.08		data_time 0.01		loss 0.507	prec@1 84.31	
Train: epoch-19 (600/7410)	batch_time 0.07		data_time 0.01		loss 0.489	prec@1 85.00	
Train: epoch-19 (800/7410)	batch_time 0.08		data_time 0.01		loss 0.506	prec@1 84.31	
Train: epoch-19 (1000/7410)	batch_time 0.08		data_time 0.01		loss 0.540	prec@1 83.03	
Train: epoch-19 (1200/7410)	batch_time 0.08		data_time 0.01		loss 0.529	prec@1 84.34	
Train: epoch-19 (1400/7410)	batch_time 0.08		data_time 0.01		loss 0.505	prec@1 84.69	
Train: epoch-19 (1600/7410)	batch_time 0.07		data_time 0.01		loss 0.502	prec@1 85.06	
Train: epoch-19 (1800/7410)	batch_time 0.08		data_time 0.01		loss 0.498	prec@1 84.66	
Train: epoch-19 (2000/7410)	batch_time 0.07		data_time 0.01		loss 0.546	prec@1 83.94	
Train: epoch-19 (2200/7410)	batch_time 0.08		data_time 0.01		loss 0.508	prec@1 85.00	
Train: epoch-19 (2400/7410)	batch_time 0.07		data_time 0.01		loss 0.546	prec@1 83.94	
Train: epoch-19 (2600/7410)	batch_time 0.08		data_time 0.01		loss 0.502	prec@1 84.41	
Train: epoch-19 (2800/7410)	batch_time 0.07		data_time 0.01		loss 0.532	prec@1 84.06	
Train: epoch-19 (3000/7410)	batch_time 0.08		data_time 0.01		loss 0.523	prec@1 83.81	
Train: epoch-19 (3200/7410)	batch_time 0.08		data_time 0.01		loss 0.534	prec@1 83.78	
Train: epoch-19 (3400/7410)	batch_time 0.07		data_time 0.01		loss 0.524	prec@1 83.25	
Train: epoch-19 (3600/7410)	batch_time 0.07		data_time 0.01		loss 0.498	prec@1 85.16	
Train: epoch-19 (3800/7410)	batch_time 0.08		data_time 0.01		loss 0.534	prec@1 83.94	
Train: epoch-19 (4000/7410)	batch_time 0.08		data_time 0.01		loss 0.554	prec@1 83.16	
Train: epoch-19 (4200/7410)	batch_time 0.07		data_time 0.01		loss 0.509	prec@1 84.97	
Train: epoch-19 (4400/7410)	batch_time 0.08		data_time 0.01		loss 0.547	prec@1 83.41	
Train: epoch-19 (4600/7410)	batch_time 0.08		data_time 0.01		loss 0.487	prec@1 84.97	
Train: epoch-19 (4800/7410)	batch_time 0.08		data_time 0.01		loss 0.502	prec@1 84.38	
Train: epoch-19 (5000/7410)	batch_time 0.08		data_time 0.01		loss 0.535	prec@1 83.72	
Train: epoch-19 (5200/7410)	batch_time 0.08		data_time 0.01		loss 0.494	prec@1 85.41	
Train: epoch-19 (5400/7410)	batch_time 0.07		data_time 0.01		loss 0.512	prec@1 83.97	
Train: epoch-19 (5600/7410)	batch_time 0.07		data_time 0.01		loss 0.520	prec@1 84.34	
Train: epoch-19 (5800/7410)	batch_time 0.08		data_time 0.01		loss 0.542	prec@1 83.53	
Train: epoch-19 (6000/7410)	batch_time 0.08		data_time 0.01		loss 0.513	prec@1 85.16	
Train: epoch-19 (6200/7410)	batch_time 0.08		data_time 0.01		loss 0.551	prec@1 83.41	
Train: epoch-19 (6400/7410)	batch_time 0.07		data_time 0.01		loss 0.511	prec@1 84.28	
Train: epoch-19 (6600/7410)	batch_time 0.08		data_time 0.01		loss 0.508	prec@1 84.16	
Train: epoch-19 (6800/7410)	batch_time 0.07		data_time 0.01		loss 0.473	prec@1 85.81	
Train: epoch-19 (7000/7410)	batch_time 0.07		data_time 0.01		loss 0.491	prec@1 84.53	
Train: epoch-19 (7200/7410)	batch_time 0.08		data_time 0.01		loss 0.545	prec@1 83.56	
Train: epoch-19 (7400/7410)	batch_time 0.08		data_time 0.01		loss 0.499	prec@1 84.50	
Validate: Prec@1 94.52  Loss 0.186
Best Prec@1: 94.52

Train: epoch-20 (200/7410)	batch_time 0.18		data_time 0.12		loss 0.524	prec@1 84.12	
Train: epoch-20 (400/7410)	batch_time 0.07		data_time 0.01		loss 0.443	prec@1 85.75	
Train: epoch-20 (600/7410)	batch_time 0.07		data_time 0.01		loss 0.537	prec@1 83.50	
Train: epoch-20 (800/7410)	batch_time 0.08		data_time 0.01		loss 0.471	prec@1 85.25	
Train: epoch-20 (1000/7410)	batch_time 0.07		data_time 0.01		loss 0.494	prec@1 84.97	
Train: epoch-20 (1200/7410)	batch_time 0.07		data_time 0.01		loss 0.532	prec@1 83.09	
Train: epoch-20 (1400/7410)	batch_time 0.07		data_time 0.01		loss 0.473	prec@1 85.62	
Train: epoch-20 (1600/7410)	batch_time 0.08		data_time 0.01		loss 0.520	prec@1 84.16	
Train: epoch-20 (1800/7410)	batch_time 0.08		data_time 0.01		loss 0.524	prec@1 84.12	
Train: epoch-20 (2000/7410)	batch_time 0.08		data_time 0.01		loss 0.514	prec@1 84.28	
Train: epoch-20 (2200/7410)	batch_time 0.08		data_time 0.01		loss 0.489	prec@1 85.41	
Train: epoch-20 (2400/7410)	batch_time 0.08		data_time 0.01		loss 0.505	prec@1 84.56	
Train: epoch-20 (2600/7410)	batch_time 0.07		data_time 0.01		loss 0.524	prec@1 84.28	
Train: epoch-20 (2800/7410)	batch_time 0.08		data_time 0.01		loss 0.497	prec@1 84.78	
Train: epoch-20 (3000/7410)	batch_time 0.08		data_time 0.01		loss 0.513	prec@1 84.59	
Train: epoch-20 (3200/7410)	batch_time 0.07		data_time 0.01		loss 0.487	prec@1 85.31	
Train: epoch-20 (3400/7410)	batch_time 0.07		data_time 0.01		loss 0.520	prec@1 84.16	
Train: epoch-20 (3600/7410)	batch_time 0.07		data_time 0.01		loss 0.526	prec@1 84.19	
Train: epoch-20 (3800/7410)	batch_time 0.08		data_time 0.01		loss 0.502	prec@1 84.91	
Train: epoch-20 (4000/7410)	batch_time 0.07		data_time 0.01		loss 0.501	prec@1 85.28	
Train: epoch-20 (4200/7410)	batch_time 0.07		data_time 0.01		loss 0.520	prec@1 83.69	
Train: epoch-20 (4400/7410)	batch_time 0.08		data_time 0.01		loss 0.530	prec@1 83.62	
Train: epoch-20 (4600/7410)	batch_time 0.07		data_time 0.01		loss 0.564	prec@1 83.31	
Train: epoch-20 (4800/7410)	batch_time 0.07		data_time 0.01		loss 0.479	prec@1 85.22	
Train: epoch-20 (5000/7410)	batch_time 0.08		data_time 0.01		loss 0.508	prec@1 84.94	
Train: epoch-20 (5200/7410)	batch_time 0.08		data_time 0.01		loss 0.537	prec@1 84.38	
Train: epoch-20 (5400/7410)	batch_time 0.08		data_time 0.01		loss 0.498	prec@1 84.81	
Train: epoch-20 (5600/7410)	batch_time 0.08		data_time 0.01		loss 0.519	prec@1 84.06	
Train: epoch-20 (5800/7410)	batch_time 0.08		data_time 0.01		loss 0.515	prec@1 84.09	
Train: epoch-20 (6000/7410)	batch_time 0.07		data_time 0.01		loss 0.496	prec@1 85.22	
Train: epoch-20 (6200/7410)	batch_time 0.08		data_time 0.01		loss 0.514	prec@1 84.56	
Train: epoch-20 (6400/7410)	batch_time 0.07		data_time 0.01		loss 0.487	prec@1 85.31	
Train: epoch-20 (6600/7410)	batch_time 0.08		data_time 0.01		loss 0.497	prec@1 84.78	
Train: epoch-20 (6800/7410)	batch_time 0.08		data_time 0.01		loss 0.517	prec@1 84.84	
Train: epoch-20 (7000/7410)	batch_time 0.08		data_time 0.01		loss 0.523	prec@1 83.81	
Train: epoch-20 (7200/7410)	batch_time 0.08		data_time 0.01		loss 0.520	prec@1 85.25	
Train: epoch-20 (7400/7410)	batch_time 0.08		data_time 0.01		loss 0.522	prec@1 84.00	
Validate: Prec@1 94.54  Loss 0.185
Best Prec@1: 94.54

Train: epoch-21 (200/7410)	batch_time 0.17		data_time 0.11		loss 0.523	prec@1 83.78	
Train: epoch-21 (400/7410)	batch_time 0.07		data_time 0.01		loss 0.539	prec@1 83.56	
Train: epoch-21 (600/7410)	batch_time 0.07		data_time 0.01		loss 0.525	prec@1 83.47	
Train: epoch-21 (800/7410)	batch_time 0.07		data_time 0.01		loss 0.528	prec@1 84.53	
Train: epoch-21 (1000/7410)	batch_time 0.07		data_time 0.01		loss 0.524	prec@1 83.88	
Train: epoch-21 (1200/7410)	batch_time 0.08		data_time 0.01		loss 0.497	prec@1 84.72	
Train: epoch-21 (1400/7410)	batch_time 0.08		data_time 0.01		loss 0.500	prec@1 84.38	
Train: epoch-21 (1600/7410)	batch_time 0.08		data_time 0.01		loss 0.515	prec@1 84.59	
Train: epoch-21 (1800/7410)	batch_time 0.07		data_time 0.01		loss 0.492	prec@1 84.81	
Train: epoch-21 (2000/7410)	batch_time 0.08		data_time 0.01		loss 0.465	prec@1 85.91	
Train: epoch-21 (2200/7410)	batch_time 0.08		data_time 0.01		loss 0.509	prec@1 83.84	
Train: epoch-21 (2400/7410)	batch_time 0.08		data_time 0.01		loss 0.514	prec@1 84.53	
Train: epoch-21 (2600/7410)	batch_time 0.08		data_time 0.01		loss 0.467	prec@1 85.44	
Train: epoch-21 (2800/7410)	batch_time 0.08		data_time 0.01		loss 0.513	prec@1 84.69	
Train: epoch-21 (3000/7410)	batch_time 0.08		data_time 0.01		loss 0.496	prec@1 84.72	
Train: epoch-21 (3200/7410)	batch_time 0.09		data_time 0.01		loss 0.460	prec@1 85.84	
Train: epoch-21 (3400/7410)	batch_time 0.08		data_time 0.01		loss 0.486	prec@1 84.50	
Train: epoch-21 (3600/7410)	batch_time 0.08		data_time 0.01		loss 0.538	prec@1 83.66	
Train: epoch-21 (3800/7410)	batch_time 0.08		data_time 0.01		loss 0.520	prec@1 84.41	
Train: epoch-21 (4000/7410)	batch_time 0.08		data_time 0.01		loss 0.516	prec@1 84.62	
Train: epoch-21 (4200/7410)	batch_time 0.08		data_time 0.01		loss 0.480	prec@1 85.34	
Train: epoch-21 (4400/7410)	batch_time 0.08		data_time 0.01		loss 0.468	prec@1 85.81	
Train: epoch-21 (4600/7410)	batch_time 0.08		data_time 0.01		loss 0.522	prec@1 84.56	
Train: epoch-21 (4800/7410)	batch_time 0.08		data_time 0.01		loss 0.481	prec@1 85.50	
Train: epoch-21 (5000/7410)	batch_time 0.08		data_time 0.01		loss 0.534	prec@1 83.56	
Train: epoch-21 (5200/7410)	batch_time 0.08		data_time 0.01		loss 0.508	prec@1 84.38	
Train: epoch-21 (5400/7410)	batch_time 0.08		data_time 0.01		loss 0.483	prec@1 85.31	
Train: epoch-21 (5600/7410)	batch_time 0.08		data_time 0.01		loss 0.482	prec@1 84.78	
Train: epoch-21 (5800/7410)	batch_time 0.08		data_time 0.01		loss 0.503	prec@1 84.78	
Train: epoch-21 (6000/7410)	batch_time 0.08		data_time 0.01		loss 0.533	prec@1 83.69	
Train: epoch-21 (6200/7410)	batch_time 0.08		data_time 0.01		loss 0.515	prec@1 84.44	
Train: epoch-21 (6400/7410)	batch_time 0.08		data_time 0.01		loss 0.492	prec@1 84.94	
Train: epoch-21 (6600/7410)	batch_time 0.08		data_time 0.01		loss 0.497	prec@1 84.44	
Train: epoch-21 (6800/7410)	batch_time 0.08		data_time 0.01		loss 0.526	prec@1 84.06	
Train: epoch-21 (7000/7410)	batch_time 0.08		data_time 0.01		loss 0.468	prec@1 85.72	
Train: epoch-21 (7200/7410)	batch_time 0.08		data_time 0.01		loss 0.536	prec@1 84.06	
Train: epoch-21 (7400/7410)	batch_time 0.08		data_time 0.01		loss 0.564	prec@1 82.72	
Validate: Prec@1 94.60  Loss 0.183
Best Prec@1: 94.60

Train: epoch-22 (200/7410)	batch_time 0.18		data_time 0.12		loss 0.510	prec@1 84.88	
Train: epoch-22 (400/7410)	batch_time 0.08		data_time 0.01		loss 0.519	prec@1 84.03	
Train: epoch-22 (600/7410)	batch_time 0.08		data_time 0.01		loss 0.473	prec@1 85.62	
Train: epoch-22 (800/7410)	batch_time 0.08		data_time 0.01		loss 0.504	prec@1 84.16	
Train: epoch-22 (1000/7410)	batch_time 0.07		data_time 0.01		loss 0.490	prec@1 85.41	
Train: epoch-22 (1200/7410)	batch_time 0.08		data_time 0.01		loss 0.482	prec@1 85.38	
Train: epoch-22 (1400/7410)	batch_time 0.08		data_time 0.01		loss 0.505	prec@1 84.78	
Train: epoch-22 (1600/7410)	batch_time 0.08		data_time 0.01		loss 0.489	prec@1 84.97	
Train: epoch-22 (1800/7410)	batch_time 0.08		data_time 0.01		loss 0.505	prec@1 84.62	
Train: epoch-22 (2000/7410)	batch_time 0.08		data_time 0.01		loss 0.512	prec@1 84.38	
Train: epoch-22 (2200/7410)	batch_time 0.08		data_time 0.01		loss 0.502	prec@1 84.91	
Train: epoch-22 (2400/7410)	batch_time 0.08		data_time 0.01		loss 0.494	prec@1 85.25	
Train: epoch-22 (2600/7410)	batch_time 0.07		data_time 0.01		loss 0.496	prec@1 85.41	
Train: epoch-22 (2800/7410)	batch_time 0.08		data_time 0.01		loss 0.514	prec@1 84.44	
Train: epoch-22 (3000/7410)	batch_time 0.08		data_time 0.01		loss 0.509	prec@1 84.56	
Train: epoch-22 (3200/7410)	batch_time 0.08		data_time 0.01		loss 0.546	prec@1 83.56	
Train: epoch-22 (3400/7410)	batch_time 0.08		data_time 0.01		loss 0.484	prec@1 85.47	
Train: epoch-22 (3600/7410)	batch_time 0.08		data_time 0.01		loss 0.483	prec@1 85.47	
Train: epoch-22 (3800/7410)	batch_time 0.08		data_time 0.01		loss 0.473	prec@1 85.66	
Train: epoch-22 (4000/7410)	batch_time 0.08		data_time 0.01		loss 0.494	prec@1 84.44	
Train: epoch-22 (4200/7410)	batch_time 0.08		data_time 0.01		loss 0.502	prec@1 84.66	
Train: epoch-22 (4400/7410)	batch_time 0.08		data_time 0.01		loss 0.490	prec@1 85.41	
Train: epoch-22 (4600/7410)	batch_time 0.08		data_time 0.01		loss 0.483	prec@1 85.31	
Train: epoch-22 (4800/7410)	batch_time 0.08		data_time 0.01		loss 0.464	prec@1 85.69	
Train: epoch-22 (5000/7410)	batch_time 0.08		data_time 0.01		loss 0.524	prec@1 83.78	
Train: epoch-22 (5200/7410)	batch_time 0.08		data_time 0.01		loss 0.498	prec@1 84.50	
Train: epoch-22 (5400/7410)	batch_time 0.08		data_time 0.01		loss 0.492	prec@1 84.88	
Train: epoch-22 (5600/7410)	batch_time 0.08		data_time 0.01		loss 0.483	prec@1 85.41	
Train: epoch-22 (5800/7410)	batch_time 0.08		data_time 0.01		loss 0.504	prec@1 85.22	
Train: epoch-22 (6000/7410)	batch_time 0.08		data_time 0.01		loss 0.493	prec@1 84.88	
Train: epoch-22 (6200/7410)	batch_time 0.08		data_time 0.01		loss 0.500	prec@1 84.84	
Train: epoch-22 (6400/7410)	batch_time 0.08		data_time 0.01		loss 0.537	prec@1 83.56	
Train: epoch-22 (6600/7410)	batch_time 0.08		data_time 0.01		loss 0.506	prec@1 83.94	
Train: epoch-22 (6800/7410)	batch_time 0.08		data_time 0.01		loss 0.488	prec@1 84.97	
Train: epoch-22 (7000/7410)	batch_time 0.08		data_time 0.01		loss 0.499	prec@1 84.69	
Train: epoch-22 (7200/7410)	batch_time 0.08		data_time 0.01		loss 0.478	prec@1 85.59	
Train: epoch-22 (7400/7410)	batch_time 0.08		data_time 0.01		loss 0.486	prec@1 85.38	
Validate: Prec@1 94.67  Loss 0.180
Best Prec@1: 94.67

Train: epoch-23 (200/7410)	batch_time 0.18		data_time 0.11		loss 0.479	prec@1 85.28	
Train: epoch-23 (400/7410)	batch_time 0.07		data_time 0.01		loss 0.514	prec@1 84.53	
Train: epoch-23 (600/7410)	batch_time 0.08		data_time 0.01		loss 0.517	prec@1 84.59	
Train: epoch-23 (800/7410)	batch_time 0.08		data_time 0.01		loss 0.496	prec@1 85.19	
Train: epoch-23 (1000/7410)	batch_time 0.08		data_time 0.01		loss 0.492	prec@1 85.09	
Train: epoch-23 (1200/7410)	batch_time 0.08		data_time 0.01		loss 0.500	prec@1 84.25	
Train: epoch-23 (1400/7410)	batch_time 0.08		data_time 0.01		loss 0.484	prec@1 85.31	
Train: epoch-23 (1600/7410)	batch_time 0.08		data_time 0.01		loss 0.492	prec@1 85.47	
Train: epoch-23 (1800/7410)	batch_time 0.07		data_time 0.01		loss 0.488	prec@1 84.94	
Train: epoch-23 (2000/7410)	batch_time 0.08		data_time 0.01		loss 0.480	prec@1 86.19	
Train: epoch-23 (2200/7410)	batch_time 0.08		data_time 0.01		loss 0.507	prec@1 84.25	
Train: epoch-23 (2400/7410)	batch_time 0.08		data_time 0.01		loss 0.483	prec@1 85.31	
Train: epoch-23 (2600/7410)	batch_time 0.07		data_time 0.01		loss 0.483	prec@1 84.78	
Train: epoch-23 (2800/7410)	batch_time 0.08		data_time 0.01		loss 0.494	prec@1 85.22	
Train: epoch-23 (3000/7410)	batch_time 0.08		data_time 0.01		loss 0.478	prec@1 85.25	
Train: epoch-23 (3200/7410)	batch_time 0.08		data_time 0.01		loss 0.484	prec@1 85.66	
Train: epoch-23 (3400/7410)	batch_time 0.08		data_time 0.01		loss 0.482	prec@1 85.69	
Train: epoch-23 (3600/7410)	batch_time 0.08		data_time 0.01		loss 0.491	prec@1 84.53	
Train: epoch-23 (3800/7410)	batch_time 0.08		data_time 0.01		loss 0.512	prec@1 84.34	
Train: epoch-23 (4000/7410)	batch_time 0.08		data_time 0.01		loss 0.488	prec@1 85.34	
Train: epoch-23 (4200/7410)	batch_time 0.08		data_time 0.01		loss 0.514	prec@1 84.06	
Train: epoch-23 (4400/7410)	batch_time 0.08		data_time 0.01		loss 0.508	prec@1 84.62	
Train: epoch-23 (4600/7410)	batch_time 0.08		data_time 0.01		loss 0.508	prec@1 84.78	
Train: epoch-23 (4800/7410)	batch_time 0.08		data_time 0.01		loss 0.522	prec@1 83.81	
Train: epoch-23 (5000/7410)	batch_time 0.08		data_time 0.01		loss 0.472	prec@1 85.66	
Train: epoch-23 (5200/7410)	batch_time 0.08		data_time 0.01		loss 0.467	prec@1 85.75	
Train: epoch-23 (5400/7410)	batch_time 0.08		data_time 0.01		loss 0.486	prec@1 84.94	
Train: epoch-23 (5600/7410)	batch_time 0.08		data_time 0.01		loss 0.491	prec@1 85.22	
Train: epoch-23 (5800/7410)	batch_time 0.08		data_time 0.01		loss 0.515	prec@1 83.91	
Train: epoch-23 (6000/7410)	batch_time 0.08		data_time 0.01		loss 0.485	prec@1 84.94	
Train: epoch-23 (6200/7410)	batch_time 0.08		data_time 0.01		loss 0.486	prec@1 86.00	
Train: epoch-23 (6400/7410)	batch_time 0.08		data_time 0.01		loss 0.505	prec@1 84.88	
Train: epoch-23 (6600/7410)	batch_time 0.08		data_time 0.01		loss 0.483	prec@1 84.91	
Train: epoch-23 (6800/7410)	batch_time 0.08		data_time 0.01		loss 0.486	prec@1 85.38	
Train: epoch-23 (7000/7410)	batch_time 0.08		data_time 0.01		loss 0.487	prec@1 84.84	
Train: epoch-23 (7200/7410)	batch_time 0.08		data_time 0.01		loss 0.476	prec@1 85.62	
Train: epoch-23 (7400/7410)	batch_time 0.08		data_time 0.01		loss 0.494	prec@1 85.28	
Validate: Prec@1 94.81  Loss 0.180
Best Prec@1: 94.81

Train: epoch-24 (200/7410)	batch_time 0.18		data_time 0.12		loss 0.509	prec@1 84.56	
Train: epoch-24 (400/7410)	batch_time 0.07		data_time 0.01		loss 0.479	prec@1 85.44	
Train: epoch-24 (600/7410)	batch_time 0.07		data_time 0.01		loss 0.530	prec@1 84.09	
Train: epoch-24 (800/7410)	batch_time 0.08		data_time 0.01		loss 0.522	prec@1 84.69	
Train: epoch-24 (1000/7410)	batch_time 0.08		data_time 0.01		loss 0.483	prec@1 84.62	
Train: epoch-24 (1200/7410)	batch_time 0.08		data_time 0.01		loss 0.460	prec@1 85.62	
Train: epoch-24 (1400/7410)	batch_time 0.08		data_time 0.01		loss 0.459	prec@1 85.88	
Train: epoch-24 (1600/7410)	batch_time 0.08		data_time 0.01		loss 0.461	prec@1 85.81	
Train: epoch-24 (1800/7410)	batch_time 0.07		data_time 0.01		loss 0.471	prec@1 85.62	
Train: epoch-24 (2000/7410)	batch_time 0.08		data_time 0.01		loss 0.493	prec@1 84.53	
Train: epoch-24 (2200/7410)	batch_time 0.08		data_time 0.01		loss 0.521	prec@1 84.78	
Train: epoch-24 (2400/7410)	batch_time 0.08		data_time 0.01		loss 0.453	prec@1 86.00	
Train: epoch-24 (2600/7410)	batch_time 0.08		data_time 0.01		loss 0.461	prec@1 85.31	
Train: epoch-24 (2800/7410)	batch_time 0.08		data_time 0.01		loss 0.497	prec@1 85.06	
Train: epoch-24 (3000/7410)	batch_time 0.08		data_time 0.01		loss 0.499	prec@1 84.59	
Train: epoch-24 (3200/7410)	batch_time 0.08		data_time 0.01		loss 0.491	prec@1 84.78	
Train: epoch-24 (3400/7410)	batch_time 0.08		data_time 0.01		loss 0.479	prec@1 85.47	
Train: epoch-24 (3600/7410)	batch_time 0.08		data_time 0.01		loss 0.442	prec@1 86.53	
Train: epoch-24 (3800/7410)	batch_time 0.07		data_time 0.01		loss 0.491	prec@1 85.59	
Train: epoch-24 (4000/7410)	batch_time 0.08		data_time 0.01		loss 0.506	prec@1 84.50	
Train: epoch-24 (4200/7410)	batch_time 0.08		data_time 0.01		loss 0.453	prec@1 85.75	
Train: epoch-24 (4400/7410)	batch_time 0.07		data_time 0.01		loss 0.481	prec@1 85.16	
Train: epoch-24 (4600/7410)	batch_time 0.08		data_time 0.01		loss 0.473	prec@1 85.22	
Train: epoch-24 (4800/7410)	batch_time 0.07		data_time 0.01		loss 0.494	prec@1 84.38	
Train: epoch-24 (5000/7410)	batch_time 0.08		data_time 0.01		loss 0.509	prec@1 84.78	
Train: epoch-24 (5200/7410)	batch_time 0.07		data_time 0.01		loss 0.463	prec@1 85.88	
Train: epoch-24 (5400/7410)	batch_time 0.08		data_time 0.01		loss 0.523	prec@1 84.12	
Train: epoch-24 (5600/7410)	batch_time 0.08		data_time 0.01		loss 0.501	prec@1 84.47	
Train: epoch-24 (5800/7410)	batch_time 0.07		data_time 0.01		loss 0.512	prec@1 84.03	
Train: epoch-24 (6000/7410)	batch_time 0.07		data_time 0.01		loss 0.532	prec@1 83.94	
Train: epoch-24 (6200/7410)	batch_time 0.08		data_time 0.01		loss 0.491	prec@1 85.09	
Train: epoch-24 (6400/7410)	batch_time 0.07		data_time 0.01		loss 0.496	prec@1 85.00	
Train: epoch-24 (6600/7410)	batch_time 0.07		data_time 0.01		loss 0.528	prec@1 83.78	
Train: epoch-24 (6800/7410)	batch_time 0.08		data_time 0.01		loss 0.493	prec@1 85.00	
Train: epoch-24 (7000/7410)	batch_time 0.08		data_time 0.01		loss 0.505	prec@1 83.81	
Train: epoch-24 (7200/7410)	batch_time 0.07		data_time 0.01		loss 0.433	prec@1 87.03	
Train: epoch-24 (7400/7410)	batch_time 0.07		data_time 0.01		loss 0.485	prec@1 85.03	
Validate: Prec@1 94.78  Loss 0.179
Best Prec@1: 94.81

Train: epoch-25 (200/7410)	batch_time 0.18		data_time 0.12		loss 0.473	prec@1 85.56	
Train: epoch-25 (400/7410)	batch_time 0.07		data_time 0.01		loss 0.454	prec@1 86.47	
Train: epoch-25 (600/7410)	batch_time 0.08		data_time 0.01		loss 0.512	prec@1 84.59	
Train: epoch-25 (800/7410)	batch_time 0.07		data_time 0.01		loss 0.491	prec@1 85.03	
Train: epoch-25 (1000/7410)	batch_time 0.07		data_time 0.01		loss 0.501	prec@1 85.19	
Train: epoch-25 (1200/7410)	batch_time 0.08		data_time 0.01		loss 0.497	prec@1 84.75	
Train: epoch-25 (1400/7410)	batch_time 0.08		data_time 0.01		loss 0.456	prec@1 85.59	
Train: epoch-25 (1600/7410)	batch_time 0.08		data_time 0.01		loss 0.505	prec@1 83.91	
Train: epoch-25 (1800/7410)	batch_time 0.07		data_time 0.01		loss 0.492	prec@1 85.25	
Train: epoch-25 (2000/7410)	batch_time 0.08		data_time 0.01		loss 0.496	prec@1 84.97	
Train: epoch-25 (2200/7410)	batch_time 0.08		data_time 0.01		loss 0.509	prec@1 84.31	
Train: epoch-25 (2400/7410)	batch_time 0.08		data_time 0.01		loss 0.490	prec@1 84.75	
Train: epoch-25 (2600/7410)	batch_time 0.08		data_time 0.01		loss 0.447	prec@1 86.09	
Train: epoch-25 (2800/7410)	batch_time 0.08		data_time 0.01		loss 0.493	prec@1 85.00	
Train: epoch-25 (3000/7410)	batch_time 0.08		data_time 0.01		loss 0.484	prec@1 85.56	
Train: epoch-25 (3200/7410)	batch_time 0.08		data_time 0.01		loss 0.497	prec@1 85.28	
Train: epoch-25 (3400/7410)	batch_time 0.08		data_time 0.01		loss 0.497	prec@1 84.66	
Train: epoch-25 (3600/7410)	batch_time 0.08		data_time 0.01		loss 0.487	prec@1 85.47	
Train: epoch-25 (3800/7410)	batch_time 0.08		data_time 0.01		loss 0.464	prec@1 86.12	
Train: epoch-25 (4000/7410)	batch_time 0.08		data_time 0.01		loss 0.505	prec@1 84.28	
Train: epoch-25 (4200/7410)	batch_time 0.07		data_time 0.01		loss 0.487	prec@1 85.31	
Train: epoch-25 (4400/7410)	batch_time 0.07		data_time 0.01		loss 0.486	prec@1 85.25	
Train: epoch-25 (4600/7410)	batch_time 0.08		data_time 0.01		loss 0.483	prec@1 85.41	
Train: epoch-25 (4800/7410)	batch_time 0.08		data_time 0.01		loss 0.501	prec@1 84.62	
Train: epoch-25 (5000/7410)	batch_time 0.08		data_time 0.01		loss 0.504	prec@1 84.72	
Train: epoch-25 (5200/7410)	batch_time 0.08		data_time 0.01		loss 0.517	prec@1 84.31	
Train: epoch-25 (5400/7410)	batch_time 0.08		data_time 0.01		loss 0.460	prec@1 85.47	
Train: epoch-25 (5600/7410)	batch_time 0.08		data_time 0.01		loss 0.511	prec@1 83.97	
Train: epoch-25 (5800/7410)	batch_time 0.08		data_time 0.01		loss 0.510	prec@1 85.31	
Train: epoch-25 (6000/7410)	batch_time 0.08		data_time 0.01		loss 0.506	prec@1 84.56	
Train: epoch-25 (6200/7410)	batch_time 0.08		data_time 0.01		loss 0.509	prec@1 83.94	
Train: epoch-25 (6400/7410)	batch_time 0.08		data_time 0.01		loss 0.484	prec@1 85.28	
Train: epoch-25 (6600/7410)	batch_time 0.08		data_time 0.01		loss 0.457	prec@1 86.41	
Train: epoch-25 (6800/7410)	batch_time 0.08		data_time 0.01		loss 0.494	prec@1 85.09	
Train: epoch-25 (7000/7410)	batch_time 0.08		data_time 0.01		loss 0.486	prec@1 85.22	
Train: epoch-25 (7200/7410)	batch_time 0.08		data_time 0.01		loss 0.481	prec@1 85.09	
Train: epoch-25 (7400/7410)	batch_time 0.08		data_time 0.01		loss 0.494	prec@1 85.34	
Validate: Prec@1 94.78  Loss 0.178
Best Prec@1: 94.81

Train: epoch-26 (200/7410)	batch_time 0.18		data_time 0.12		loss 0.489	prec@1 85.22	
Train: epoch-26 (400/7410)	batch_time 0.07		data_time 0.01		loss 0.487	prec@1 85.00	
Train: epoch-26 (600/7410)	batch_time 0.08		data_time 0.01		loss 0.496	prec@1 84.34	
Train: epoch-26 (800/7410)	batch_time 0.08		data_time 0.01		loss 0.482	prec@1 85.41	
Train: epoch-26 (1000/7410)	batch_time 0.08		data_time 0.01		loss 0.491	prec@1 84.84	
Train: epoch-26 (1200/7410)	batch_time 0.08		data_time 0.01		loss 0.467	prec@1 85.72	
Train: epoch-26 (1400/7410)	batch_time 0.08		data_time 0.01		loss 0.502	prec@1 85.19	
Train: epoch-26 (1600/7410)	batch_time 0.08		data_time 0.01		loss 0.489	prec@1 85.12	
Train: epoch-26 (1800/7410)	batch_time 0.08		data_time 0.01		loss 0.491	prec@1 84.91	
Train: epoch-26 (2000/7410)	batch_time 0.08		data_time 0.01		loss 0.479	prec@1 84.97	
Train: epoch-26 (2200/7410)	batch_time 0.08		data_time 0.01		loss 0.516	prec@1 84.28	
Train: epoch-26 (2400/7410)	batch_time 0.08		data_time 0.01		loss 0.486	prec@1 84.56	
Train: epoch-26 (2600/7410)	batch_time 0.08		data_time 0.01		loss 0.497	prec@1 85.34	
Train: epoch-26 (2800/7410)	batch_time 0.08		data_time 0.01		loss 0.504	prec@1 84.59	
Train: epoch-26 (3000/7410)	batch_time 0.08		data_time 0.01		loss 0.493	prec@1 84.50	
Train: epoch-26 (3200/7410)	batch_time 0.08		data_time 0.01		loss 0.523	prec@1 84.47	
Train: epoch-26 (3400/7410)	batch_time 0.08		data_time 0.01		loss 0.484	prec@1 85.16	
Train: epoch-26 (3600/7410)	batch_time 0.08		data_time 0.01		loss 0.497	prec@1 85.44	
Train: epoch-26 (3800/7410)	batch_time 0.08		data_time 0.01		loss 0.435	prec@1 86.66	
Train: epoch-26 (4000/7410)	batch_time 0.08		data_time 0.01		loss 0.490	prec@1 85.25	
Train: epoch-26 (4200/7410)	batch_time 0.08		data_time 0.01		loss 0.466	prec@1 85.94	
Train: epoch-26 (4400/7410)	batch_time 0.08		data_time 0.01		loss 0.496	prec@1 84.88	
Train: epoch-26 (4600/7410)	batch_time 0.08		data_time 0.01		loss 0.493	prec@1 85.09	
Train: epoch-26 (4800/7410)	batch_time 0.08		data_time 0.01		loss 0.459	prec@1 85.84	
Train: epoch-26 (5000/7410)	batch_time 0.08		data_time 0.01		loss 0.509	prec@1 84.28	
Train: epoch-26 (5200/7410)	batch_time 0.08		data_time 0.01		loss 0.487	prec@1 85.09	
Train: epoch-26 (5400/7410)	batch_time 0.08		data_time 0.01		loss 0.498	prec@1 85.06	
Train: epoch-26 (5600/7410)	batch_time 0.08		data_time 0.01		loss 0.508	prec@1 84.78	
Train: epoch-26 (5800/7410)	batch_time 0.08		data_time 0.01		loss 0.489	prec@1 85.38	
Train: epoch-26 (6000/7410)	batch_time 0.08		data_time 0.01		loss 0.487	prec@1 85.78	
Train: epoch-26 (6200/7410)	batch_time 0.08		data_time 0.01		loss 0.499	prec@1 84.16	
Train: epoch-26 (6400/7410)	batch_time 0.08		data_time 0.01		loss 0.486	prec@1 84.78	
Train: epoch-26 (6600/7410)	batch_time 0.08		data_time 0.01		loss 0.488	prec@1 85.47	
Train: epoch-26 (6800/7410)	batch_time 0.08		data_time 0.01		loss 0.540	prec@1 83.41	
Train: epoch-26 (7000/7410)	batch_time 0.08		data_time 0.01		loss 0.488	prec@1 84.78	
Train: epoch-26 (7200/7410)	batch_time 0.08		data_time 0.01		loss 0.466	prec@1 85.88	
Train: epoch-26 (7400/7410)	batch_time 0.08		data_time 0.01		loss 0.469	prec@1 85.00	
Validate: Prec@1 94.83  Loss 0.178
Best Prec@1: 94.83

Train: epoch-27 (200/7410)	batch_time 0.18		data_time 0.12		loss 0.468	prec@1 85.38	
Train: epoch-27 (400/7410)	batch_time 0.07		data_time 0.01		loss 0.472	prec@1 85.22	
Train: epoch-27 (600/7410)	batch_time 0.07		data_time 0.01		loss 0.483	prec@1 85.38	
Train: epoch-27 (800/7410)	batch_time 0.08		data_time 0.01		loss 0.494	prec@1 85.16	
Train: epoch-27 (1000/7410)	batch_time 0.08		data_time 0.01		loss 0.496	prec@1 84.50	
Train: epoch-27 (1200/7410)	batch_time 0.08		data_time 0.01		loss 0.481	prec@1 84.78	
Train: epoch-27 (1400/7410)	batch_time 0.08		data_time 0.01		loss 0.528	prec@1 84.03	
Train: epoch-27 (1600/7410)	batch_time 0.08		data_time 0.01		loss 0.493	prec@1 85.44	
Train: epoch-27 (1800/7410)	batch_time 0.08		data_time 0.01		loss 0.462	prec@1 85.78	
Train: epoch-27 (2000/7410)	batch_time 0.08		data_time 0.01		loss 0.491	prec@1 85.41	
Train: epoch-27 (2200/7410)	batch_time 0.08		data_time 0.01		loss 0.492	prec@1 84.34	
Train: epoch-27 (2400/7410)	batch_time 0.08		data_time 0.01		loss 0.484	prec@1 84.72	
Train: epoch-27 (2600/7410)	batch_time 0.08		data_time 0.01		loss 0.477	prec@1 85.41	
Train: epoch-27 (2800/7410)	batch_time 0.08		data_time 0.01		loss 0.499	prec@1 85.03	
Train: epoch-27 (3000/7410)	batch_time 0.08		data_time 0.01		loss 0.490	prec@1 84.94	
Train: epoch-27 (3200/7410)	batch_time 0.08		data_time 0.01		loss 0.486	prec@1 84.34	
Train: epoch-27 (3400/7410)	batch_time 0.08		data_time 0.01		loss 0.526	prec@1 84.44	
Train: epoch-27 (3600/7410)	batch_time 0.08		data_time 0.01		loss 0.483	prec@1 84.97	
Train: epoch-27 (3800/7410)	batch_time 0.08		data_time 0.01		loss 0.479	prec@1 85.69	
Train: epoch-27 (4000/7410)	batch_time 0.08		data_time 0.01		loss 0.488	prec@1 85.75	
Train: epoch-27 (4200/7410)	batch_time 0.07		data_time 0.01		loss 0.532	prec@1 83.97	
Train: epoch-27 (4400/7410)	batch_time 0.08		data_time 0.01		loss 0.510	prec@1 84.84	
Train: epoch-27 (4600/7410)	batch_time 0.08		data_time 0.01		loss 0.489	prec@1 85.12	
Train: epoch-27 (4800/7410)	batch_time 0.08		data_time 0.01		loss 0.462	prec@1 85.19	
Train: epoch-27 (5000/7410)	batch_time 0.08		data_time 0.01		loss 0.517	prec@1 83.59	
Train: epoch-27 (5200/7410)	batch_time 0.08		data_time 0.01		loss 0.453	prec@1 85.91	
Train: epoch-27 (5400/7410)	batch_time 0.08		data_time 0.01		loss 0.485	prec@1 84.81	
Train: epoch-27 (5600/7410)	batch_time 0.08		data_time 0.01		loss 0.488	prec@1 84.75	
Train: epoch-27 (5800/7410)	batch_time 0.08		data_time 0.01		loss 0.472	prec@1 86.44	
Train: epoch-27 (6000/7410)	batch_time 0.08		data_time 0.01		loss 0.495	prec@1 84.72	
Train: epoch-27 (6200/7410)	batch_time 0.08		data_time 0.01		loss 0.470	prec@1 85.16	
Train: epoch-27 (6400/7410)	batch_time 0.08		data_time 0.01		loss 0.497	prec@1 85.09	
Train: epoch-27 (6600/7410)	batch_time 0.08		data_time 0.01		loss 0.469	prec@1 85.22	
Train: epoch-27 (6800/7410)	batch_time 0.08		data_time 0.01		loss 0.470	prec@1 85.38	
Train: epoch-27 (7000/7410)	batch_time 0.08		data_time 0.01		loss 0.493	prec@1 84.47	
Train: epoch-27 (7200/7410)	batch_time 0.08		data_time 0.01		loss 0.473	prec@1 85.59	
Train: epoch-27 (7400/7410)	batch_time 0.08		data_time 0.01		loss 0.529	prec@1 83.53	
Validate: Prec@1 94.81  Loss 0.177
Best Prec@1: 94.83

Train: epoch-28 (200/7410)	batch_time 0.18		data_time 0.11		loss 0.482	prec@1 85.44	
Train: epoch-28 (400/7410)	batch_time 0.07		data_time 0.01		loss 0.451	prec@1 85.78	
Train: epoch-28 (600/7410)	batch_time 0.08		data_time 0.01		loss 0.472	prec@1 85.16	
Train: epoch-28 (800/7410)	batch_time 0.08		data_time 0.01		loss 0.488	prec@1 85.19	
Train: epoch-28 (1000/7410)	batch_time 0.08		data_time 0.01		loss 0.489	prec@1 85.25	
Train: epoch-28 (1200/7410)	batch_time 0.08		data_time 0.01		loss 0.496	prec@1 84.84	
Train: epoch-28 (1400/7410)	batch_time 0.08		data_time 0.01		loss 0.465	prec@1 86.12	
Train: epoch-28 (1600/7410)	batch_time 0.08		data_time 0.01		loss 0.457	prec@1 86.00	
Train: epoch-28 (1800/7410)	batch_time 0.08		data_time 0.01		loss 0.492	prec@1 85.00	
Train: epoch-28 (2000/7410)	batch_time 0.08		data_time 0.01		loss 0.466	prec@1 85.81	
Train: epoch-28 (2200/7410)	batch_time 0.08		data_time 0.01		loss 0.506	prec@1 84.84	
Train: epoch-28 (2400/7410)	batch_time 0.08		data_time 0.01		loss 0.478	prec@1 85.00	
Train: epoch-28 (2600/7410)	batch_time 0.08		data_time 0.01		loss 0.470	prec@1 85.53	
Train: epoch-28 (2800/7410)	batch_time 0.08		data_time 0.01		loss 0.521	prec@1 84.28	
Train: epoch-28 (3000/7410)	batch_time 0.08		data_time 0.01		loss 0.457	prec@1 86.41	
Train: epoch-28 (3200/7410)	batch_time 0.08		data_time 0.01		loss 0.499	prec@1 84.72	
Train: epoch-28 (3400/7410)	batch_time 0.08		data_time 0.01		loss 0.491	prec@1 85.31	
Train: epoch-28 (3600/7410)	batch_time 0.08		data_time 0.01		loss 0.485	prec@1 86.16	
Train: epoch-28 (3800/7410)	batch_time 0.08		data_time 0.01		loss 0.479	prec@1 85.50	
Train: epoch-28 (4000/7410)	batch_time 0.08		data_time 0.01		loss 0.459	prec@1 85.47	
Train: epoch-28 (4200/7410)	batch_time 0.08		data_time 0.01		loss 0.471	prec@1 85.19	
Train: epoch-28 (4400/7410)	batch_time 0.08		data_time 0.01		loss 0.506	prec@1 84.59	
Train: epoch-28 (4600/7410)	batch_time 0.08		data_time 0.01		loss 0.474	prec@1 85.78	
Train: epoch-28 (4800/7410)	batch_time 0.08		data_time 0.01		loss 0.454	prec@1 86.28	
Train: epoch-28 (5000/7410)	batch_time 0.08		data_time 0.01		loss 0.490	prec@1 84.50	
Train: epoch-28 (5200/7410)	batch_time 0.08		data_time 0.01		loss 0.516	prec@1 84.34	
Train: epoch-28 (5400/7410)	batch_time 0.08		data_time 0.01		loss 0.486	prec@1 85.12	
Train: epoch-28 (5600/7410)	batch_time 0.08		data_time 0.01		loss 0.508	prec@1 84.12	
Train: epoch-28 (5800/7410)	batch_time 0.08		data_time 0.01		loss 0.486	prec@1 85.22	
Train: epoch-28 (6000/7410)	batch_time 0.08		data_time 0.01		loss 0.464	prec@1 85.66	
Train: epoch-28 (6200/7410)	batch_time 0.08		data_time 0.01		loss 0.529	prec@1 83.78	
Train: epoch-28 (6400/7410)	batch_time 0.08		data_time 0.01		loss 0.494	prec@1 84.72	
Train: epoch-28 (6600/7410)	batch_time 0.08		data_time 0.01		loss 0.484	prec@1 85.72	
Train: epoch-28 (6800/7410)	batch_time 0.08		data_time 0.01		loss 0.497	prec@1 84.94	
Train: epoch-28 (7000/7410)	batch_time 0.08		data_time 0.01		loss 0.506	prec@1 84.66	
Train: epoch-28 (7200/7410)	batch_time 0.08		data_time 0.01		loss 0.502	prec@1 84.94	
Train: epoch-28 (7400/7410)	batch_time 0.08		data_time 0.01		loss 0.466	prec@1 85.81	
Validate: Prec@1 94.79  Loss 0.178
Best Prec@1: 94.83

Train: epoch-29 (200/7410)	batch_time 0.18		data_time 0.12		loss 0.528	prec@1 83.81	
Train: epoch-29 (400/7410)	batch_time 0.07		data_time 0.01		loss 0.482	prec@1 85.16	
Train: epoch-29 (600/7410)	batch_time 0.08		data_time 0.01		loss 0.483	prec@1 85.22	
Train: epoch-29 (800/7410)	batch_time 0.08		data_time 0.01		loss 0.486	prec@1 84.88	
Train: epoch-29 (1000/7410)	batch_time 0.08		data_time 0.01		loss 0.457	prec@1 85.59	
Train: epoch-29 (1200/7410)	batch_time 0.08		data_time 0.01		loss 0.470	prec@1 85.25	
Train: epoch-29 (1400/7410)	batch_time 0.08		data_time 0.01		loss 0.491	prec@1 85.25	
Train: epoch-29 (1600/7410)	batch_time 0.08		data_time 0.01		loss 0.464	prec@1 85.69	
Train: epoch-29 (1800/7410)	batch_time 0.08		data_time 0.01		loss 0.493	prec@1 85.47	
Train: epoch-29 (2000/7410)	batch_time 0.08		data_time 0.01		loss 0.489	prec@1 84.88	
Train: epoch-29 (2200/7410)	batch_time 0.08		data_time 0.01		loss 0.485	prec@1 84.62	
Train: epoch-29 (2400/7410)	batch_time 0.08		data_time 0.01		loss 0.525	prec@1 84.06	
Train: epoch-29 (2600/7410)	batch_time 0.08		data_time 0.01		loss 0.483	prec@1 85.38	
Train: epoch-29 (2800/7410)	batch_time 0.08		data_time 0.01		loss 0.526	prec@1 83.84	
Train: epoch-29 (3000/7410)	batch_time 0.08		data_time 0.01		loss 0.534	prec@1 83.50	
Train: epoch-29 (3200/7410)	batch_time 0.08		data_time 0.01		loss 0.472	prec@1 85.38	
Train: epoch-29 (3400/7410)	batch_time 0.08		data_time 0.01		loss 0.447	prec@1 86.06	
Train: epoch-29 (3600/7410)	batch_time 0.08		data_time 0.01		loss 0.485	prec@1 85.00	
Train: epoch-29 (3800/7410)	batch_time 0.08		data_time 0.01		loss 0.467	prec@1 85.72	
Train: epoch-29 (4000/7410)	batch_time 0.08		data_time 0.01		loss 0.517	prec@1 84.91	
Train: epoch-29 (4200/7410)	batch_time 0.08		data_time 0.01		loss 0.480	prec@1 85.66	
Train: epoch-29 (4400/7410)	batch_time 0.08		data_time 0.01		loss 0.471	prec@1 85.84	
Train: epoch-29 (4600/7410)	batch_time 0.08		data_time 0.01		loss 0.486	prec@1 84.62	
Train: epoch-29 (4800/7410)	batch_time 0.08		data_time 0.01		loss 0.477	prec@1 85.19	
Train: epoch-29 (5000/7410)	batch_time 0.08		data_time 0.01		loss 0.465	prec@1 85.91	
Train: epoch-29 (5200/7410)	batch_time 0.08		data_time 0.01		loss 0.469	prec@1 85.69	
Train: epoch-29 (5400/7410)	batch_time 0.08		data_time 0.01		loss 0.481	prec@1 84.91	
Train: epoch-29 (5600/7410)	batch_time 0.08		data_time 0.01		loss 0.510	prec@1 85.19	
Train: epoch-29 (5800/7410)	batch_time 0.08		data_time 0.01		loss 0.494	prec@1 85.06	
Train: epoch-29 (6000/7410)	batch_time 0.08		data_time 0.01		loss 0.454	prec@1 86.50	
Train: epoch-29 (6200/7410)	batch_time 0.08		data_time 0.01		loss 0.448	prec@1 86.38	
Train: epoch-29 (6400/7410)	batch_time 0.08		data_time 0.01		loss 0.450	prec@1 86.19	
Train: epoch-29 (6600/7410)	batch_time 0.08		data_time 0.01		loss 0.514	prec@1 83.97	
Train: epoch-29 (6800/7410)	batch_time 0.08		data_time 0.01		loss 0.524	prec@1 83.72	
Train: epoch-29 (7000/7410)	batch_time 0.08		data_time 0.01		loss 0.445	prec@1 86.44	
Train: epoch-29 (7200/7410)	batch_time 0.08		data_time 0.01		loss 0.468	prec@1 85.78	
Train: epoch-29 (7400/7410)	batch_time 0.08		data_time 0.01		loss 0.500	prec@1 85.03	
Validate: Prec@1 94.84  Loss 0.177
Best Prec@1: 94.84

